run_id,attempt,workflow,event,branch,job,runner,labels,conclusion,created_at,queue_s,run_s,step:Set up job,step:Set up runner,step:Boot timeline,step:Complete job,step:Download 100 MB,step:Download 100 MiB
37743504516,1,bench-boot,push,launch-benchmarks,boot,kiln-1791444431-41,self-hosted kiln,success,2026-10-08T07:27:08Z,17,10,0,0,0,5,,
37743504516,1,bench-boot,push,launch-benchmarks,net-hosted,GitHub Actions 1000011293,ubuntu-latest,success,2026-10-08T07:27:08Z,1,3,0,,,0,0,
37743504516,1,bench-boot,push,launch-benchmarks,net-kiln,kiln-1791444431-42,self-hosted kiln,success,2026-10-08T07:27:08Z,25,12,1,0,,0,0,
37743504516,2,bench-boot,push,launch-benchmarks,boot,kiln-1791444473-44,self-hosted kiln,success,2026-10-08T07:27:51Z,16,10,0,0,0,1,,
37743504516,2,bench-boot,push,launch-benchmarks,net-kiln,kiln-1791444473-43,self-hosted kiln,success,2026-10-08T07:27:51Z,19,10,0,0,,0,1,
37743504516,2,bench-boot,push,launch-benchmarks,net-hosted,GitHub Actions 1000011294,ubuntu-latest,success,2026-10-08T07:27:51Z,2,3,0,,,0,0,
37743504516,3,bench-boot,push,launch-benchmarks,boot,kiln-1791444529-46,self-hosted kiln,success,2026-10-08T07:28:30Z,33,23,0,0,0,1,,
37743504516,3,bench-boot,push,launch-benchmarks,net-hosted,GitHub Actions 1000011295,ubuntu-latest,success,2026-10-08T07:28:30Z,2,3,0,,,0,0,
37743504516,3,bench-boot,push,launch-benchmarks,net-kiln,kiln-1791444529-45,self-hosted kiln,success,2026-10-08T07:28:30Z,34,10,0,0,,3,0,
37743719369,1,bench-boot,push,launch-benchmarks,boot,kiln-1791444563-47,self-hosted kiln,success,2026-10-08T07:29:14Z,22,11,0,0,0,1,,
37743719369,1,bench-boot,push,launch-benchmarks,net-kiln,kiln-1791444575-48,self-hosted kiln,success,2026-10-08T07:29:14Z,33,35,0,0,,0,,24
37743719369,1,bench-boot,push,launch-benchmarks,net-hosted,GitHub Actions 1000011298,ubuntu-latest,success,2026-10-08T07:29:14Z,2,5,0,,,0,,3
37743719369,2,bench-boot,push,launch-benchmarks,boot,kiln-1791444639-50,self-hosted kiln,success,2026-10-08T07:30:28Z,23,18,1,0,0,1,,
37743719369,2,bench-boot,push,launch-benchmarks,net-kiln,kiln-1791444639-49,self-hosted kiln,success,2026-10-08T07:30:29Z,25,26,1,0,,0,,19
37743719369,2,bench-boot,push,launch-benchmarks,net-hosted,GitHub Actions 1000011299,ubuntu-latest,success,2026-10-08T07:30:29Z,1,6,0,,,0,,3
37743719369,3,bench-boot,push,launch-benchmarks,net-hosted,GitHub Actions 1000011300,ubuntu-latest,success,2026-10-08T07:31:29Z,2,7,0,,,0,,4
37743719369,3,bench-boot,push,launch-benchmarks,net-kiln,kiln-1791444699-51,self-hosted kiln,success,2026-10-08T07:31:29Z,42,24,0,0,,0,,19
37743719369,3,bench-boot,push,launch-benchmarks,boot,kiln-1791444699-52,self-hosted kiln,success,2026-10-08T07:31:29Z,26,10,0,0,0,3,,
37743719369,4,bench-boot,push,launch-benchmarks,net-hosted,GitHub Actions 1000011301,ubuntu-latest,success,2026-10-08T07:32:41Z,3,5,0,,,0,,4
37743719369,4,bench-boot,push,launch-benchmarks,net-kiln,kiln-1791444779-54,self-hosted kiln,success,2026-10-08T07:32:41Z,34,25,0,0,,0,,20
37743719369,4,bench-boot,push,launch-benchmarks,boot,kiln-1791444779-53,self-hosted kiln,success,2026-10-08T07:32:41Z,32,11,0,0,0,1,,
37743719369,5,bench-boot,push,launch-benchmarks,boot,kiln-1791444832-56,self-hosted kiln,success,2026-10-08T07:33:46Z,19,10,1,0,0,0,,
37743719369,5,bench-boot,push,launch-benchmarks,net-hosted,GitHub Actions 1000011302,ubuntu-latest,success,2026-10-08T07:33:46Z,2,6,0,,,0,,4
37743719369,5,bench-boot,push,launch-benchmarks,net-kiln,kiln-1791444832-55,self-hosted kiln,success,2026-10-08T07:33:46Z,19,27,0,0,,0,,22
37743719369,6,bench-boot,push,launch-benchmarks,net-kiln,kiln-1791444889-57,self-hosted kiln,success,2026-10-08T07:34:41Z,21,30,0,0,,0,,24
37743719369,6,bench-boot,push,launch-benchmarks,net-hosted,GitHub Actions 1000011303,ubuntu-latest,success,2026-10-08T07:34:41Z,2,4,0,,,1,,2
37743719369,6,bench-boot,push,launch-benchmarks,boot,kiln-1791444889-58,self-hosted kiln,success,2026-10-08T07:34:41Z,22,10,0,0,0,1,,
37743719369,7,bench-boot,push,launch-benchmarks,boot,kiln-1791444950-60,self-hosted kiln,success,2026-10-08T07:35:40Z,23,12,0,0,0,1,,
37743719369,7,bench-boot,push,launch-benchmarks,net-hosted,GitHub Actions 1000011304,ubuntu-latest,success,2026-10-08T07:35:40Z,3,6,0,,,0,,3
37743719369,7,bench-boot,push,launch-benchmarks,net-kiln,kiln-1791444950-59,self-hosted kiln,success,2026-10-08T07:35:40Z,24,26,0,0,,0,,19
37743719369,8,bench-boot,push,launch-benchmarks,net-hosted,GitHub Actions 1000011305,ubuntu-latest,success,2026-10-08T07:36:36Z,3,7,1,,,0,,3
37743719369,8,bench-boot,push,launch-benchmarks,net-kiln,kiln-1791445002-61,self-hosted kiln,success,2026-10-08T07:36:36Z,22,26,0,0,,0,,21
37743719369,8,bench-boot,push,launch-benchmarks,boot,kiln-1791445002-62,self-hosted kiln,success,2026-10-08T07:36:36Z,22,18,0,0,0,1,,
37743719369,9,bench-boot,push,launch-benchmarks,boot,kiln-1791445058-63,self-hosted kiln,success,2026-10-08T07:37:31Z,21,12,0,0,0,1,,
37743719369,9,bench-boot,push,launch-benchmarks,net-kiln,kiln-1791445058-64,self-hosted kiln,success,2026-10-08T07:37:32Z,20,25,0,0,,0,,19
37743719369,9,bench-boot,push,launch-benchmarks,net-hosted,GitHub Actions 1000011306,ubuntu-latest,success,2026-10-08T07:37:32Z,2,6,0,,,0,,4
37743719369,10,bench-boot,push,launch-benchmarks,boot,kiln-1791445109-65,self-hosted kiln,success,2026-10-08T07:38:24Z,20,14,0,0,0,1,,
37743719369,10,bench-boot,push,launch-benchmarks,net-hosted,GitHub Actions 1000011307,ubuntu-latest,success,2026-10-08T07:38:24Z,2,5,0,,,0,,3
37743719369,10,bench-boot,push,launch-benchmarks,net-kiln,kiln-1791445109-66,self-hosted kiln,success,2026-10-08T07:38:24Z,21,27,0,0,,0,,20
37743719369,11,bench-boot,push,launch-benchmarks,net-kiln,kiln-1791445163-67,self-hosted kiln,success,2026-10-08T07:39:21Z,16,35,0,0,,0,,29
37743719369,11,bench-boot,push,launch-benchmarks,net-hosted,GitHub Actions 1000011308,ubuntu-latest,success,2026-10-08T07:39:21Z,2,6,0,,,0,,3
37743719369,11,bench-boot,push,launch-benchmarks,boot,kiln-1791445163-68,self-hosted kiln,success,2026-10-08T07:39:21Z,16,12,0,0,1,0,,
37743719369,12,bench-boot,push,launch-benchmarks,net-hosted,GitHub Actions 1000011309,ubuntu-latest,success,2026-10-08T07:40:21Z,2,6,0,,,0,,3
37743719369,12,bench-boot,push,launch-benchmarks,boot,kiln-1791445223-69,self-hosted kiln,success,2026-10-08T07:40:21Z,15,12,0,0,0,1,,
37743719369,12,bench-boot,push,launch-benchmarks,net-kiln,kiln-1791445223-70,self-hosted kiln,success,2026-10-08T07:40:21Z,16,26,0,0,,0,,21
