run_id,attempt,workflow,event,branch,job,runner,labels,conclusion,created_at,queue_s,run_s,step:Set up job,step:Set up runner,step:Facts,step:Run actions/checkout@3d3c42e5aac5ba805825da76410c181273ba90b1,step:Install Rust,step:Format,step:Lint,step:Test,step:Dependency audit,step:Dashboard script,step:Post Run actions/checkout@3d3c42e5aac5ba805825da76410c181273ba90b1,step:Complete job,step:Docker builds
37739020357,1,bench-ci,push,launch-benchmarks,ci-kiln-fresh,kiln-1791441710-5,self-hosted kiln,success,2026-10-08T06:41:40Z,22,195,1,0,0,2,28,0,24,21,108,0,0,0,
37739020357,1,bench-ci,push,launch-benchmarks,ci-hosted,GitHub Actions 1000011270,ubuntu-latest,success,2026-10-08T06:41:40Z,2,163,1,,0,1,9,0,18,22,105,4,0,0,
37739020357,1,bench-ci,push,launch-benchmarks,docker-hosted,GitHub Actions 1000011269,ubuntu-latest,success,2026-10-08T06:41:40Z,2,24,0,,,1,,,,,,,0,0,20
37739020357,1,bench-ci,push,launch-benchmarks,docker-kiln,kiln-1791441815-7,self-hosted kiln,success,2026-10-08T06:41:40Z,130,19,2,0,,1,,,,,,,0,0,9
37739020357,1,bench-ci,push,launch-benchmarks,ci-kiln,kiln-1791441733-6,self-hosted kiln,success,2026-10-08T06:41:40Z,45,57,3,0,0,2,4,0,16,22,2,0,0,0,
37739436747,1,bench-ci,push,launch-benchmarks,ci-hosted,GitHub Actions 1000011271,ubuntu-latest,success,2026-10-08T06:46:01Z,1,165,0,,0,1,1,1,25,24,110,0,0,0,
37739436747,1,bench-ci,push,launch-benchmarks,ci-kiln,kiln-1791441964-10,self-hosted kiln,success,2026-10-08T06:46:01Z,16,61,3,0,0,2,10,0,15,20,2,1,0,0,
37739436747,1,bench-ci,push,launch-benchmarks,docker-hosted,GitHub Actions 1000011272,ubuntu-latest,success,2026-10-08T06:46:01Z,1,14,0,,,1,,,,,,,0,0,11
37739436747,1,bench-ci,push,launch-benchmarks,docker-kiln,kiln-1791441996-11,self-hosted kiln,success,2026-10-08T06:46:01Z,48,17,2,0,,2,,,,,,,0,0,6
37739436747,1,bench-ci,push,launch-benchmarks,ci-kiln-fresh,kiln-1791442035-12,self-hosted kiln,success,2026-10-08T06:46:01Z,87,187,2,0,0,1,32,0,18,19,104,0,1,0,
37739436747,2,bench-ci,push,launch-benchmarks,docker-hosted,GitHub Actions 1000011273,ubuntu-latest,success,2026-10-08T06:50:42Z,2,35,1,,,1,,,,,,,0,0,32
37739436747,2,bench-ci,push,launch-benchmarks,docker-kiln,kiln-1791442248-14,self-hosted kiln,success,2026-10-08T06:50:42Z,20,20,7,0,,2,,,,,,,1,0,4
37739436747,2,bench-ci,push,launch-benchmarks,ci-kiln,kiln-1791442248-13,self-hosted kiln,success,2026-10-08T06:50:42Z,20,51,1,1,0,1,4,0,15,20,1,0,1,0,
37739436747,2,bench-ci,push,launch-benchmarks,ci-hosted,GitHub Actions 1000011274,ubuntu-latest,success,2026-10-08T06:50:42Z,2,139,0,,0,2,8,0,16,19,90,0,0,0,
37739436747,2,bench-ci,push,launch-benchmarks,ci-kiln-fresh,kiln-1791442294-15,self-hosted kiln,success,2026-10-08T06:50:42Z,67,188,1,0,0,2,32,0,20,18,104,1,0,0,
37739436747,3,bench-ci,push,launch-benchmarks,docker-kiln,kiln-1791442512-17,self-hosted kiln,success,2026-10-08T06:55:03Z,22,15,1,0,,2,,,,,,,0,0,4
37739436747,3,bench-ci,push,launch-benchmarks,ci-hosted,GitHub Actions 1000011275,ubuntu-latest,success,2026-10-08T06:55:03Z,2,157,1,,0,2,9,0,19,23,102,0,0,0,
37739436747,3,bench-ci,push,launch-benchmarks,ci-kiln-fresh,kiln-1791442512-16,self-hosted kiln,success,2026-10-08T06:55:03Z,27,193,2,0,0,1,30,0,21,20,107,0,0,0,
37739436747,3,bench-ci,push,launch-benchmarks,docker-hosted,GitHub Actions 1000011276,ubuntu-latest,success,2026-10-08T06:55:03Z,2,39,1,,,1,,,,,,,0,0,36
37739436747,3,bench-ci,push,launch-benchmarks,ci-kiln,kiln-1791442551-18,self-hosted kiln,success,2026-10-08T06:55:03Z,62,55,2,0,0,2,4,0,17,20,1,0,0,0,
37739436747,4,bench-ci,push,launch-benchmarks,docker-hosted,GitHub Actions 1000011277,ubuntu-latest,success,2026-10-08T06:58:51Z,3,63,1,,,1,,,,,,,0,0,59
37739436747,4,bench-ci,push,launch-benchmarks,ci-kiln-fresh,kiln-1791442742-20,self-hosted kiln,success,2026-10-08T06:58:51Z,25,192,1,0,0,1,30,0,20,21,106,0,1,0,
37739436747,4,bench-ci,push,launch-benchmarks,docker-kiln,kiln-1791442742-19,self-hosted kiln,success,2026-10-08T06:58:51Z,24,16,2,0,,1,,,,,,,0,0,5
37739436747,4,bench-ci,push,launch-benchmarks,ci-kiln,kiln-1791442790-21,self-hosted kiln,success,2026-10-08T06:58:51Z,73,58,2,0,0,3,4,0,17,22,2,0,0,0,
37739436747,4,bench-ci,push,launch-benchmarks,ci-hosted,GitHub Actions 1000011278,ubuntu-latest,success,2026-10-08T06:58:51Z,3,167,1,,0,1,10,0,19,23,110,0,1,0,
37739436747,5,bench-ci,push,launch-benchmarks,docker-hosted,GitHub Actions 1000011279,ubuntu-latest,success,2026-10-08T07:02:34Z,2,33,0,,,1,,,,,,,0,0,29
37739436747,5,bench-ci,push,launch-benchmarks,docker-kiln,kiln-1791442962-23,self-hosted kiln,success,2026-10-08T07:02:34Z,21,16,2,0,,1,,,,,,,1,0,4
37739436747,5,bench-ci,push,launch-benchmarks,ci-kiln,kiln-1791442962-22,self-hosted kiln,success,2026-10-08T07:02:34Z,22,54,2,0,0,1,5,0,15,20,1,0,1,0,
37739436747,5,bench-ci,push,launch-benchmarks,ci-hosted,GitHub Actions 1000011280,ubuntu-latest,success,2026-10-08T07:02:34Z,2,162,0,,0,1,1,4,28,21,102,1,0,0,
37739436747,5,bench-ci,push,launch-benchmarks,ci-kiln-fresh,kiln-1791442995-24,self-hosted kiln,success,2026-10-08T07:02:34Z,55,190,2,0,0,1,34,0,20,19,103,1,0,0,
37739436747,6,bench-ci,push,launch-benchmarks,docker-kiln,kiln-1791443213-26,self-hosted kiln,success,2026-10-08T07:06:49Z,18,16,2,0,,1,,,,,,,0,0,5
37739436747,6,bench-ci,push,launch-benchmarks,ci-kiln-fresh,kiln-1791443213-25,self-hosted kiln,success,2026-10-08T07:06:49Z,17,189,2,0,0,1,31,1,21,21,102,0,0,0,
37739436747,6,bench-ci,push,launch-benchmarks,ci-hosted,GitHub Actions 1000011281,ubuntu-latest,success,2026-10-08T07:06:49Z,2,142,1,,0,1,11,0,20,19,85,3,1,0,
37739436747,6,bench-ci,push,launch-benchmarks,docker-hosted,GitHub Actions 1000011282,ubuntu-latest,success,2026-10-08T07:06:49Z,2,32,0,,,2,,,,,,,0,0,27
37739436747,6,bench-ci,push,launch-benchmarks,ci-kiln,kiln-1791443252-27,self-hosted kiln,success,2026-10-08T07:06:49Z,56,57,2,0,0,2,4,0,19,20,2,0,1,0,
37739436747,7,bench-ci,push,launch-benchmarks,docker-kiln,kiln-1791443425-28,self-hosted kiln,success,2026-10-08T07:10:21Z,16,16,2,0,,1,,,,,,,0,0,4
37739436747,7,bench-ci,push,launch-benchmarks,docker-hosted,GitHub Actions 1000011283,ubuntu-latest,success,2026-10-08T07:10:21Z,3,27,1,,,0,,,,,,,0,0,24
37739436747,7,bench-ci,push,launch-benchmarks,ci-kiln,kiln-1791443462-30,self-hosted kiln,success,2026-10-08T07:10:21Z,53,59,1,1,0,1,6,0,17,21,2,0,0,0,
37739436747,7,bench-ci,push,launch-benchmarks,ci-hosted,GitHub Actions 1000011284,ubuntu-latest,success,2026-10-08T07:10:21Z,3,144,0,,0,1,2,3,26,19,89,0,0,0,
37739436747,7,bench-ci,push,launch-benchmarks,ci-kiln-fresh,kiln-1791443425-29,self-hosted kiln,success,2026-10-08T07:10:21Z,18,198,1,0,0,2,34,0,23,22,106,0,0,0,
37739436747,8,bench-ci,push,launch-benchmarks,docker-kiln,kiln-1791443655-32,self-hosted kiln,success,2026-10-08T07:14:07Z,22,14,2,0,,1,,,,,,,1,0,5
37739436747,8,bench-ci,push,launch-benchmarks,ci-kiln-fresh,kiln-1791443694-33,self-hosted kiln,success,2026-10-08T07:14:07Z,60,201,1,0,0,2,28,0,30,21,108,0,0,0,
37739436747,8,bench-ci,push,launch-benchmarks,ci-kiln,kiln-1791443655-31,self-hosted kiln,success,2026-10-08T07:14:07Z,23,55,3,0,0,1,4,1,15,20,1,1,0,0,
37739436747,8,bench-ci,push,launch-benchmarks,docker-hosted,GitHub Actions 1000011285,ubuntu-latest,success,2026-10-08T07:14:07Z,2,13,1,,,0,,,,,,,0,0,11
37739436747,8,bench-ci,push,launch-benchmarks,ci-hosted,GitHub Actions 1000011286,ubuntu-latest,success,2026-10-08T07:14:07Z,2,168,1,,0,1,1,1,23,24,113,0,0,0,
37739436747,9,bench-ci,push,launch-benchmarks,ci-kiln-fresh,kiln-1791443934-35,self-hosted kiln,success,2026-10-08T07:18:38Z,29,195,2,0,0,2,33,0,21,19,107,1,0,0,
37739436747,9,bench-ci,push,launch-benchmarks,docker-kiln,kiln-1791444014-37,self-hosted kiln,success,2026-10-08T07:18:38Z,111,16,2,0,,2,,,,,,,0,0,5
37739436747,9,bench-ci,push,launch-benchmarks,ci-kiln,kiln-1791443934-36,self-hosted kiln,success,2026-10-08T07:18:38Z,30,54,2,0,0,2,4,0,16,19,2,0,0,0,
37739436747,9,bench-ci,push,launch-benchmarks,ci-hosted,GitHub Actions 1000011287,ubuntu-latest,success,2026-10-08T07:18:38Z,2,143,1,,0,1,1,0,19,20,98,0,1,0,
37739436747,9,bench-ci,push,launch-benchmarks,docker-hosted,GitHub Actions 1000011288,ubuntu-latest,success,2026-10-08T07:18:38Z,2,34,1,,,1,,,,,,,0,0,30
37739436747,10,bench-ci,push,launch-benchmarks,docker-kiln,kiln-1791444160-39,self-hosted kiln,success,2026-10-08T07:22:29Z,24,16,1,0,,2,,,,,,,1,0,4
37739436747,10,bench-ci,push,launch-benchmarks,docker-hosted,GitHub Actions 1000011289,ubuntu-latest,success,2026-10-08T07:22:29Z,2,39,1,,,1,,,,,,,0,0,34
37739436747,10,bench-ci,push,launch-benchmarks,ci-kiln-fresh,kiln-1791444200-40,self-hosted kiln,success,2026-10-08T07:22:29Z,66,195,1,0,0,2,31,0,21,19,104,0,0,1,
37739436747,10,bench-ci,push,launch-benchmarks,ci-kiln,kiln-1791444160-38,self-hosted kiln,success,2026-10-08T07:22:29Z,25,58,1,0,0,2,5,0,16,19,1,1,0,0,
37739436747,10,bench-ci,push,launch-benchmarks,ci-hosted,GitHub Actions 1000011290,ubuntu-latest,success,2026-10-08T07:22:29Z,3,145,1,,0,2,1,1,21,22,95,0,0,0,
