run_id,attempt,job,measure,ms
37743719369,1,boot,kernel_to_listening_s,8
37743719369,1,boot,listening_to_job_s,3
37743719369,1,boot,kernel_to_first_step_s,13
37743719369,1,net-kiln,download_mbit,37
37743719369,1,net-hosted,download_mbit,295
37743719369,2,boot,kernel_to_listening_s,8
37743719369,2,boot,listening_to_job_s,3
37743719369,2,boot,kernel_to_first_step_s,13
37743719369,2,net-kiln,download_mbit,46
37743719369,2,net-hosted,download_mbit,296
37743719369,3,net-hosted,download_mbit,237
37743719369,3,net-kiln,download_mbit,46
37743719369,3,boot,kernel_to_listening_s,10
37743719369,3,boot,listening_to_job_s,4
37743719369,3,boot,kernel_to_first_step_s,16
37743719369,4,net-hosted,download_mbit,279
37743719369,4,net-kiln,download_mbit,44
37743719369,4,boot,kernel_to_listening_s,9
37743719369,4,boot,listening_to_job_s,4
37743719369,4,boot,kernel_to_first_step_s,14
37743719369,5,boot,kernel_to_listening_s,9
37743719369,5,boot,listening_to_job_s,3
37743719369,5,boot,kernel_to_first_step_s,14
37743719369,5,net-hosted,download_mbit,234
37743719369,5,net-kiln,download_mbit,39
37743719369,6,net-kiln,download_mbit,36
37743719369,6,net-hosted,download_mbit,406
37743719369,6,boot,kernel_to_listening_s,9
37743719369,6,boot,listening_to_job_s,4
37743719369,6,boot,kernel_to_first_step_s,14
37743719369,7,boot,kernel_to_listening_s,8
37743719369,7,boot,listening_to_job_s,4
37743719369,7,boot,kernel_to_first_step_s,14
37743719369,7,net-hosted,download_mbit,258
37743719369,7,net-kiln,download_mbit,45
37743719369,8,net-hosted,download_mbit,240
37743719369,8,net-kiln,download_mbit,41
37743719369,8,boot,kernel_to_listening_s,11
37743719369,8,boot,listening_to_job_s,4
37743719369,8,boot,kernel_to_first_step_s,17
37743719369,9,boot,kernel_to_listening_s,9
37743719369,9,boot,listening_to_job_s,4
37743719369,9,boot,kernel_to_first_step_s,15
37743719369,9,net-kiln,download_mbit,44
37743719369,9,net-hosted,download_mbit,247
37743719369,10,boot,kernel_to_listening_s,10
37743719369,10,boot,listening_to_job_s,4
37743719369,10,boot,kernel_to_first_step_s,15
37743719369,10,net-hosted,download_mbit,369
37743719369,10,net-kiln,download_mbit,44
37743719369,11,net-kiln,download_mbit,29
37743719369,11,net-hosted,download_mbit,258
37743719369,11,boot,kernel_to_listening_s,9
37743719369,11,boot,listening_to_job_s,4
37743719369,11,boot,kernel_to_first_step_s,15
37743719369,12,net-hosted,download_mbit,296
37743719369,12,boot,kernel_to_listening_s,8
37743719369,12,boot,listening_to_job_s,4
37743719369,12,boot,kernel_to_first_step_s,13
37743719369,12,net-kiln,download_mbit,43
37743504516,1,boot,kernel_to_listening_s,9
37743504516,1,boot,listening_to_job_s,4
37743504516,1,boot,kernel_to_first_step_s,15
37743504516,2,boot,kernel_to_listening_s,9
37743504516,2,boot,listening_to_job_s,3
37743504516,2,boot,kernel_to_first_step_s,14
37743504516,3,boot,kernel_to_listening_s,9
37743504516,3,boot,listening_to_job_s,4
37743504516,3,boot,kernel_to_first_step_s,14
