run_id,attempt,workflow,event,branch,job,runner,labels,conclusion,created_at,queue_s,run_s,step:Set up job,step:Set up runner,step:Run actions/checkout@3d3c42e5aac5ba805825da76410c181273ba90b1,step:Install Rust,step:Format,step:Lint,step:Test,step:Dependency audit,step:Dashboard script,step:Post Run actions/checkout@3d3c42e5aac5ba805825da76410c181273ba90b1,step:Complete job,step:VM facts,step:Network reach,step:Baked tools,step:Run actions/setup-node@v4,step:Run node -v,step:Fail on request,step:Post Run actions/setup-node@v4,step:Run actions/checkout@v7,step:Post Run actions/checkout@v7,step:Run docker/setup-buildx-action@v4,step:Run docker/build-push-action@v7,step:Run docker run --rm kiln-test:latest,step:Post Run docker/build-push-action@v7,step:Post Run docker/setup-buildx-action@v4,step:Run astral-sh/setup-uv@v7,step:Run uv run --with pytest pytest -q,step:Post Run astral-sh/setup-uv@v7,step:Run actions/setup-go@v7,step:Run go test ./...,step:Post Run actions/setup-go@v7,step:Initialize containers,step:Run npm install,step:Run npm test,step:Stop containers,step:Run npx playwright install --with-deps chromium,step:Run npx playwright test,step:Run dtolnay/rust-toolchain@stable,step:Run cargo build --locked,step:Run astral-sh/setup-uv@v6,step:Post Run astral-sh/setup-uv@v6,step:Run actions/checkout@v4,step:Post Run actions/checkout@v4,step:Run docker/setup-buildx-action@v3,step:Post Run docker/setup-buildx-action@v3,step:Run docker/build-push-action@v6,step:Post Run docker/build-push-action@v6,step:Run actions/setup-go@v5,step:Post Run actions/setup-go@v5
37738914115,1,ci,pull_request,launch-ci-docs,test,kiln-1791441660-4,self-hosted kiln,success,2026-10-08T06:40:32Z,42,53,2,0,1,5,0,15,20,1,0,0,1,,,,,,,,,,,,,,,,,,,,,,,,,,,,,,,,,,,,,,
37738832474,1,ci,pull_request,launch-readme,test,kiln-1791441585-2,self-hosted kiln,success,2026-10-08T06:39:41Z,17,59,2,0,2,7,0,17,21,2,0,0,0,,,,,,,,,,,,,,,,,,,,,,,,,,,,,,,,,,,,,,
37738821349,1,ci,pull_request,dashboard-analytics,test,kiln-1791441585-3,self-hosted kiln,success,2026-10-08T06:39:33Z,24,59,1,0,2,7,0,17,22,1,0,0,0,,,,,,,,,,,,,,,,,,,,,,,,,,,,,,,,,,,,,,
37738258536,1,ci,pull_request,dashboard-analytics,test,kiln-1791441213-1,self-hosted kiln,success,2026-10-08T06:33:26Z,19,52,2,0,1,4,0,15,20,1,0,1,0,,,,,,,,,,,,,,,,,,,,,,,,,,,,,,,,,,,,,,
37738215163,1,ci,pull_request,telemetry,test,kiln-1791441181-0,self-hosted kiln,success,2026-10-08T06:32:57Z,16,55,2,0,1,5,0,15,21,1,0,1,0,,,,,,,,,,,,,,,,,,,,,,,,,,,,,,,,,,,,,,
37676920825,1,ci,push,main,test,kiln-1791402347-2,self-hosted kiln,success,2026-10-07T19:45:43Z,17,58,2,0,2,5,0,16,19,1,1,0,0,,,,,,,,,,,,,,,,,,,,,,,,,,,,,,,,,,,,,,
37676731334,1,ci,pull_request,release-0.2.4,test,kiln-1791402262-1,self-hosted kiln,success,2026-10-07T19:44:12Z,23,54,2,0,1,5,1,15,19,1,0,0,0,,,,,,,,,,,,,,,,,,,,,,,,,,,,,,,,,,,,,,
37676428531,1,selftest,workflow_dispatch,main,probe,kiln-1791402114-0,self-hosted kiln,failure,2026-10-07T19:41:48Z,18,21,2,0,,,,,,,,,0,0,8,0,1,0,0,0,,,,,,,,,,,,,,,,,,,,,,,,,,,,,,,
37675861734,1,selftest,workflow_dispatch,main,probe,kiln-1791401841-1,self-hosted kiln,success,2026-10-07T19:37:16Z,17,20,2,0,,,,,,,,,0,0,9,0,0,0,0,1,,,,,,,,,,,,,,,,,,,,,,,,,,,,,,,
37675005187,1,selftest,workflow_dispatch,main,probe,kiln-1791401438-0,self-hosted kiln,success,2026-10-07T19:30:32Z,18,20,1,0,,,,,,,,,0,0,8,0,0,0,0,0,,,,,,,,,,,,,,,,,,,,,,,,,,,,,,,
37669511680,1,ci,push,main,test,kiln-1791398846-9,self-hosted kiln,success,2026-10-07T18:47:23Z,14,58,1,0,2,6,0,17,21,2,0,0,0,,,,,,,,,,,,,,,,,,,,,,,,,,,,,,,,,,,,,,
37669487463,1,ci,pull_request,apple-silicon,test,kiln-1791398846-8,self-hosted kiln,success,2026-10-07T18:47:11Z,27,60,2,0,1,4,1,16,25,1,0,0,0,,,,,,,,,,,,,,,,,,,,,,,,,,,,,,,,,,,,,,
37669303984,1,ci,pull_request,fix-23-restart-drain,test,kiln-1791398748-7,self-hosted kiln,success,2026-10-07T18:45:44Z,17,53,1,0,3,4,1,15,19,1,0,1,0,,,,,,,,,,,,,,,,,,,,,,,,,,,,,,,,,,,,,,
37668107134,1,ci,pull_request,apple-silicon,test,kiln-1791398188-6,self-hosted kiln,success,2026-10-07T18:36:20Z,20,57,1,0,2,4,1,15,22,1,0,1,0,,,,,,,,,,,,,,,,,,,,,,,,,,,,,,,,,,,,,,
37667749263,1,ci,pull_request,fix-23-restart-drain,test,kiln-1791398014-5,self-hosted kiln,success,2026-10-07T18:33:31Z,15,54,2,0,1,5,0,14,19,1,1,0,0,,,,,,,,,,,,,,,,,,,,,,,,,,,,,,,,,,,,,,
37667114245,1,ci,push,main,test,kiln-1791397777-4,self-hosted kiln,success,2026-10-07T18:28:35Z,79,195,3,0,2,4,0,15,20,103,0,0,0,,,,,,,,,,,,,,,,,,,,,,,,,,,,,,,,,,,,,,
37667082173,1,ci,pull_request,security-hardening,test,kiln-1791397705-3,self-hosted kiln,success,2026-10-07T18:28:20Z,16,172,2,0,1,5,0,18,20,117,0,0,0,,,,,,,,,,,,,,,,,,,,,,,,,,,,,,,,,,,,,,
37667042122,1,ci,pull_request,apple-silicon,test,kiln-1791397694-2,self-hosted kiln,success,2026-10-07T18:28:02Z,29,57,1,1,,4,0,17,25,,0,,0,,,,,,,,1,0,,,,,,,,,,,,,,,,,,,,,,,,,,,,,
37666430769,1,ci,push,main,test,kiln-1791397404-1,self-hosted kiln,success,2026-10-07T18:23:18Z,17,48,2,0,,5,0,15,18,,0,,0,,,,,,,,1,0,,,,,,,,,,,,,,,,,,,,,,,,,,,,,
37666250698,1,ci,pull_request,public-hygiene,test,kiln-1791397321-0,self-hosted kiln,success,2026-10-07T18:21:54Z,21,54,1,1,,9,1,14,18,,0,,0,,,,,,,,1,0,,,,,,,,,,,,,,,,,,,,,,,,,,,,,
37661598358,1,ci,push,main,test,kiln-1791395175-15,self-hosted kiln,success,2026-10-07T17:45:59Z,28,49,1,1,,5,0,15,19,,0,,0,,,,,,,,1,0,,,,,,,,,,,,,,,,,,,,,,,,,,,,,
37661397968,1,ci,pull_request,release-0.2.3,test,kiln-1791395079-14,self-hosted kiln,success,2026-10-07T17:44:27Z,25,53,2,0,,5,0,14,18,,0,,0,,,,,,,,1,1,,,,,,,,,,,,,,,,,,,,,,,,,,,,,
37661085554,1,ci,pull_request,fix-17-hold-deadlock,test,kiln-1791394926-13,self-hosted kiln,success,2026-10-07T17:41:59Z,20,48,1,0,,4,0,14,18,,0,,0,,,,,,,,2,0,,,,,,,,,,,,,,,,,,,,,,,,,,,,,
37660951813,1,ci,push,main,test,kiln-1791394863-12,self-hosted kiln,success,2026-10-07T17:40:55Z,20,54,7,0,,5,0,15,17,,0,,0,,,,,,,,1,0,,,,,,,,,,,,,,,,,,,,,,,,,,,,,
37660749143,1,ci,pull_request,fix-16-mint-outage,test,kiln-1791394773-11,self-hosted kiln,success,2026-10-07T17:39:23Z,21,47,2,0,,4,0,14,17,,1,,0,,,,,,,,1,0,,,,,,,,,,,,,,,,,,,,,,,,,,,,,
37660366133,1,ci,push,main,test,kiln-1791394592-9,self-hosted kiln,success,2026-10-07T17:36:24Z,21,54,2,0,,4,0,18,20,,0,,0,,,,,,,,1,0,,,,,,,,,,,,,,,,,,,,,,,,,,,,,
37660363982,1,ci,pull_request,fix-17-hold-deadlock,test,kiln-1791394592-10,self-hosted kiln,success,2026-10-07T17:36:23Z,24,54,2,0,,4,0,18,18,,0,,0,,,,,,,,2,0,,,,,,,,,,,,,,,,,,,,,,,,,,,,,
37660195198,1,ci,pull_request,fix-15-serve-hang,test,kiln-1791394510-8,self-hosted kiln,success,2026-10-07T17:35:05Z,17,48,2,0,,4,0,14,17,,0,,0,,,,,,,,1,0,,,,,,,,,,,,,,,,,,,,,,,,,,,,,
37659499729,1,ci,pull_request,fix-17-hold-deadlock,test,kiln-1791394189-7,self-hosted kiln,success,2026-10-07T17:29:46Z,16,52,6,0,,4,0,14,17,,0,,0,,,,,,,,2,0,,,,,,,,,,,,,,,,,,,,,,,,,,,,,
37658800417,1,ci,pull_request,fix-16-mint-outage,test,kiln-1791393865-6,self-hosted kiln,success,2026-10-07T17:24:21Z,21,47,2,0,,4,1,13,16,,0,,0,,,,,,,,1,1,,,,,,,,,,,,,,,,,,,,,,,,,,,,,
37657346334,1,ci,pull_request,fix-16-mint-outage,test,kiln-1791393200-5,self-hosted kiln,success,2026-10-07T17:13:05Z,28,48,2,0,,5,0,14,17,,0,,0,,,,,,,,1,0,,,,,,,,,,,,,,,,,,,,,,,,,,,,,
37657256270,1,ci,pull_request,fix-15-serve-hang,test,kiln-1791393153-4,self-hosted kiln,success,2026-10-07T17:12:23Z,23,47,1,1,,4,0,15,17,,1,,0,,,,,,,,1,0,,,,,,,,,,,,,,,,,,,,,,,,,,,,,
37626101138,1,ci,pull_request,apple-silicon,test,kiln-1791378478-3,self-hosted kiln,success,2026-10-07T13:07:50Z,22,52,2,0,,4,0,14,22,,0,,0,,,,,,,,1,1,,,,,,,,,,,,,,,,,,,,,,,,,,,,,
37620781437,1,ci,pull_request,apple-silicon,test,kiln-1791375884-1,self-hosted kiln,success,2026-10-07T12:24:40Z,18,52,2,0,,4,0,15,22,,0,,0,,,,,,,,1,0,,,,,,,,,,,,,,,,,,,,,,,,,,,,,
37620503259,1,ci,pull_request,apple-silicon,test,kiln-1791375740-0,self-hosted kiln,success,2026-10-07T12:22:17Z,17,48,2,0,,4,1,13,17,,0,,0,,,,,,,,1,0,,,,,,,,,,,,,,,,,,,,,,,,,,,,,
37619827986,1,ci,push,main,test,kiln-1791375405-4,self-hosted kiln,success,2026-10-07T12:16:31Z,27,50,2,0,,5,0,14,19,,0,,0,,,,,,,,1,1,,,,,,,,,,,,,,,,,,,,,,,,,,,,,
37619657854,1,ci,pull_request,v0.2.2,test,kiln-1791375310-2,self-hosted kiln,success,2026-10-07T12:15:05Z,19,47,1,0,,4,0,14,16,,0,,0,,,,,,,,2,1,,,,,,,,,,,,,,,,,,,,,,,,,,,,,
37614952304,1,ci,push,kiln-cache-test,test,kiln-1791372852-1,self-hosted kiln,success,2026-10-07T11:34:07Z,19,45,2,0,,4,0,14,16,,0,,0,,,,,,,,1,0,,,,,,,,,,,,,,,,,,,,,,,,,,,,,
37614311537,1,selftest,workflow_dispatch,main,probe,kiln-1791372509-0,self-hosted kiln,success,2026-10-07T11:28:28Z,16,22,3,0,,,,,,,,,0,0,9,0,0,0,0,0,,,,,,,,,,,,,,,,,,,,,,,,,,,,,,,
37613673719,1,ci,push,main,test,kiln-1791372171-1,self-hosted kiln,success,2026-10-07T11:22:47Z,20,48,2,0,,4,1,15,17,,0,,0,,,,,,,,1,0,,,,,,,,,,,,,,,,,,,,,,,,,,,,,
37613517970,1,ci,pull_request,fixes-0.2.1,test,kiln-1791372090-0,self-hosted kiln,success,2026-10-07T11:21:24Z,20,47,2,0,,4,0,14,16,,0,,0,,,,,,,,2,0,,,,,,,,,,,,,,,,,,,,,,,,,,,,,
37612045940,1,ci,push,main,test,kiln-1791371350-84,self-hosted kiln,success,2026-10-07T11:08:17Z,67,46,2,0,,5,0,14,16,,0,,0,,,,,,,,1,0,,,,,,,,,,,,,,,,,,,,,,,,,,,,,
37611862276,1,ci,pull_request,release-0.2,test,kiln-1791371217-80,self-hosted kiln,success,2026-10-07T11:06:38Z,32,47,1,0,,4,0,14,17,,0,,0,,,,,,,,2,0,,,,,,,,,,,,,,,,,,,,,,,,,,,,,
37611694026,1,ci,push,main,test,kiln-1791371114-76,self-hosted kiln,success,2026-10-07T11:05:10Z,18,48,2,0,,8,0,14,15,,0,,0,,,,,,,,1,0,,,,,,,,,,,,,,,,,,,,,,,,,,,,,
37611693956,1,Stacks,push,main,docker-build,kiln-1791371238-81,self-hosted kiln,success,2026-10-07T11:05:10Z,142,35,4,0,,,,,,,,,0,,,,,,,,1,0,9,5,0,5,1,,,,,,,,,,,,,,,,,,,,,,,,
37611693956,1,Stacks,push,main,python-uv,kiln-1791371114-77,self-hosted kiln,success,2026-10-07T11:05:10Z,18,18,3,0,,,,,,,,,0,,,,,,,,1,0,,,,,,4,1,0,,,,,,,,,,,,,,,,,,,,,
37611693956,1,Stacks,push,main,go,kiln-1791371183-79,self-hosted kiln,success,2026-10-07T11:05:10Z,86,31,4,0,,,,,,,,,0,,,,,,,,1,0,,,,,,,,,18,0,0,,,,,,,,,,,,,,,,,,
37611693956,1,Stacks,push,main,node-postgres,kiln-1791371286-82,self-hosted kiln,success,2026-10-07T11:05:10Z,189,49,2,1,,,,,,,,,0,,,,13,,,0,1,0,,,,,,,,,,,,19,2,0,1,,,,,,,,,,,,,,
37611693956,1,Stacks,push,main,playwright,kiln-1791371155-78,self-hosted kiln,success,2026-10-07T11:05:10Z,59,42,2,0,,,,,,,,,0,,,,14,,,1,1,0,,,,,,,,,,,,,2,,,14,1,,,,,,,,,,,,
37611693956,1,Stacks,push,main,rust,kiln-1791371292-83,self-hosted kiln,success,2026-10-07T11:05:10Z,195,36,2,0,,,,,,,,,0,,,,,,,,1,0,,,,,,,,,,,,,,,,,,4,22,,,,,,,,,,
37611149193,1,ci,pull_request,dependabot/github_actions/astral-sh/setup-uv-7,test,kiln-1791370837-68,self-hosted kiln,success,2026-10-07T11:00:27Z,23,47,2,0,,4,0,15,16,,0,,0,,,,,,,,1,0,,,,,,,,,,,,,,,,,,,,,,,,,,,,,
37611149194,1,Stacks,pull_request,dependabot/github_actions/astral-sh/setup-uv-7,playwright,kiln-1791370880-69,self-hosted kiln,success,2026-10-07T11:00:27Z,67,45,2,0,,,,,,,,,0,,,,14,,,0,1,1,,,,,,,,,,,,,3,,,14,2,,,,,,,,,,,,
37611149194,1,Stacks,pull_request,dependabot/github_actions/astral-sh/setup-uv-7,node-postgres,kiln-1791370970-72,self-hosted kiln,success,2026-10-07T11:00:27Z,157,53,3,0,,,,,,,,,0,,,,16,,,0,1,1,,,,,,,,,,,,20,2,0,0,,,,,,,,,,,,,,
37611149194,1,Stacks,pull_request,dependabot/github_actions/astral-sh/setup-uv-7,go,kiln-1791370943-71,self-hosted kiln,success,2026-10-07T11:00:27Z,131,32,2,0,,,,,,,,,0,,,,,,,,2,0,,,,,,,,,19,0,0,,,,,,,,,,,,,,,,,,
37611149194,1,Stacks,pull_request,dependabot/github_actions/astral-sh/setup-uv-7,rust,kiln-1791370996-73,self-hosted kiln,success,2026-10-07T11:00:27Z,183,40,2,0,,,,,,,,,0,,,,,,,,1,1,,,,,,,,,,,,,,,,,,8,20,,,,,,,,,,
37611149194,1,Stacks,pull_request,dependabot/github_actions/astral-sh/setup-uv-7,docker-build,kiln-1791371042-74,self-hosted kiln,success,2026-10-07T11:00:27Z,230,33,3,0,,,,,,,,,0,,,,,,,,1,0,9,5,1,5,0,,,,,,,,,,,,,,,,,,,,,,,,
37611149194,1,Stacks,pull_request,dependabot/github_actions/astral-sh/setup-uv-7,python-uv,kiln-1791371056-75,self-hosted kiln,success,2026-10-07T11:00:27Z,242,20,3,1,,,,,,,,,0,,,,,,,,1,0,,,,,,4,1,0,,,,,,,,,,,,,,,,,,,,,
37610858097,1,Stacks,push,main,playwright,kiln-1791370739-65,self-hosted kiln,success,2026-10-07T10:57:49Z,83,44,2,0,,,,,,,,,0,,,,13,,,0,2,0,,,,,,,,,,,,,2,,,14,2,,,,,,,,,,,,
37610858097,1,Stacks,push,main,python-uv,kiln-1791370675-62,self-hosted kiln,success,2026-10-07T10:57:49Z,20,20,2,0,,,,,,,,,0,,,,,,,,2,0,,,,,,,0,,,,,,,,,,,,,6,1,,,,,,,,
37610858097,1,Stacks,push,main,go,kiln-1791370675-63,self-hosted kiln,success,2026-10-07T10:57:49Z,20,34,3,0,,,,,,,,,0,,,,,,,,1,0,,,,,,,,,20,0,1,,,,,,,,,,,,,,,,,,
37610858097,1,Stacks,push,main,docker-build,kiln-1791370776-66,self-hosted kiln,success,2026-10-07T10:57:49Z,121,35,3,0,,,,,,,,,1,,,,,,,,1,0,10,6,0,6,0,,,,,,,,,,,,,,,,,,,,,,,,
37610858097,1,Stacks,push,main,rust,kiln-1791370718-64,self-hosted kiln,success,2026-10-07T10:57:49Z,65,37,3,0,,,,,,,,,0,,,,,,,,1,0,,,,,,,,,,,,,,,,,,5,21,,,,,,,,,,
37610858097,1,Stacks,push,main,node-postgres,kiln-1791370806-67,self-hosted kiln,success,2026-10-07T10:57:49Z,150,49,2,0,,,,,,,,,0,,,,14,,,0,1,0,,,,,,,,,,,,20,1,0,1,,,,,,,,,,,,,,
37610858119,1,ci,push,main,test,kiln-1791370902-70,self-hosted kiln,success,2026-10-07T10:57:49Z,246,45,1,0,,5,0,13,16,,0,,0,,,,,,,,1,0,,,,,,,,,,,,,,,,,,,,,,,,,,,,,
37607089962,1,ci,pull_request,dependabot/github_actions/actions/checkout-7,test,kiln-1791368812-56,self-hosted kiln,success,2026-10-07T10:23:36Z,210,46,1,1,,4,0,14,16,,0,,0,,,,,,,,1,0,,,,,,,,,,,,,,,,,,,,,,,,,,,,,
37607089969,1,Stacks,pull_request,dependabot/github_actions/actions/checkout-7,python-uv,kiln-1791368637-50,self-hosted kiln,success,2026-10-07T10:23:36Z,35,19,3,0,,,,,,,,,0,,,,,,,,1,0,,,,,,,0,,,,,,,,,,,,,5,1,,,,,,,,
37607089969,1,Stacks,pull_request,dependabot/github_actions/actions/checkout-7,go,kiln-1791368881-58,self-hosted kiln,success,2026-10-07T10:23:36Z,278,35,3,0,,,,,,,,,0,,,,,,,,1,0,,,,,,,,,17,5,0,,,,,,,,,,,,,,,,,,
37607089969,1,Stacks,pull_request,dependabot/github_actions/actions/checkout-7,node-postgres,kiln-1791368735-53,self-hosted kiln,success,2026-10-07T10:23:36Z,138,53,2,1,,,,,,,,,0,,,,14,,,0,2,1,,,,,,,,,,,,21,1,0,0,,,,,,,,,,,,,,
37607089969,1,Stacks,pull_request,dependabot/github_actions/actions/checkout-7,docker-build,kiln-1791368896-59,self-hosted kiln,success,2026-10-07T10:23:36Z,295,37,3,0,,,,,,,,,0,,,,,,,,1,0,8,6,3,6,0,,,,,,,,,,,,,,,,,,,,,,,,
37607089969,1,Stacks,pull_request,dependabot/github_actions/actions/checkout-7,rust,kiln-1791368934-60,self-hosted kiln,success,2026-10-07T10:23:36Z,332,37,3,0,,,,,,,,,0,,,,,,,,1,0,,,,,,,,,,,,,,,,,,4,22,,,,,,,,,,
37607089969,1,Stacks,pull_request,dependabot/github_actions/actions/checkout-7,playwright,kiln-1791368954-61,self-hosted kiln,success,2026-10-07T10:23:36Z,351,44,4,0,,,,,,,,,0,,,,15,,,0,1,0,,,,,,,,,,,,,1,,,10,4,,,,,,,,,,,,
37606901864,1,Stacks,push,main,docker-build,kiln-1791368591-49,self-hosted kiln,success,2026-10-07T10:21:56Z,87,45,4,0,,,,,,,,,0,,,,,,,,,,12,5,1,5,1,,,,,,,,,,,,,,,,,1,0,,,,,,
37606901864,1,Stacks,push,main,node-postgres,kiln-1791368659-51,self-hosted kiln,success,2026-10-07T10:21:56Z,156,55,3,0,,,,,,,,,1,,,,16,,,0,,,,,,,,,,,,,,22,1,1,0,,,,,,,1,0,,,,,,
37606901864,1,Stacks,push,main,playwright,kiln-1791368674-52,self-hosted kiln,success,2026-10-07T10:21:56Z,177,41,2,0,,,,,,,,,0,,,,15,,,1,,,,,,,,,,,,,,,1,,,11,1,,,,,1,0,,,,,,
37606901864,1,Stacks,push,main,go,kiln-1791368835-57,self-hosted kiln,success,2026-10-07T10:21:56Z,334,36,3,0,,,,,,,,,0,,,,,,,,,,,,,,,,,,18,4,0,,,,,,,,,,,2,1,,,,,,
37606901864,1,Stacks,push,main,python-uv,kiln-1791368797-55,self-hosted kiln,success,2026-10-07T10:21:56Z,294,18,3,0,,,,,,,,,0,,,,,,,,,,,,,,,,0,,,,,,,,,,,,,5,1,1,0,,,,,,
37606901864,1,Stacks,push,main,rust,kiln-1791368743-54,self-hosted kiln,success,2026-10-07T10:21:56Z,241,35,3,0,,,,,,,,,0,,,,,,,,,,,,,,,,,,,,,,,,,,,4,21,,,1,0,,,,,,
37606901728,1,ci,push,main,test,kiln-1791368565-48,self-hosted kiln,success,2026-10-07T10:21:55Z,64,51,7,0,,4,1,13,17,,0,,0,,,,,,,,,,,,,,,,,,,,,,,,,,,,,,,1,0,,,,,,
37606001764,1,Stacks,pull_request,dependabot/github_actions/actions/checkout-7,rust,kiln-1791368100-33,self-hosted kiln,success,2026-10-07T10:13:50Z,83,37,2,0,,,,,,,,,0,,,,,,,,1,0,,,,,,,,,,,,,,,,,,5,21,,,,,,,,,,
37606001764,1,Stacks,pull_request,dependabot/github_actions/actions/checkout-7,node-postgres,kiln-1791368464-45,self-hosted kiln,success,2026-10-07T10:13:50Z,447,50,2,0,,,,,,,,,0,,,,13,,,0,1,0,,,,,,,,,,,,19,2,0,1,,,,,,,,,,,,,,
37606001764,1,Stacks,pull_request,dependabot/github_actions/actions/checkout-7,python-uv,,self-hosted kiln,cancelled,2026-10-07T10:13:50Z,0,526,,,,,,,,,,,,,,,,,,,,,,,,,,,,,,,,,,,,,,,,,,,,,,,,,
37606001764,1,Stacks,pull_request,dependabot/github_actions/actions/checkout-7,go,kiln-1791368534-47,self-hosted kiln,cancelled,2026-10-07T10:13:50Z,517,40,7,0,,,,,,,,,0,,,,,,,,2,0,,,,,,,,,16,5,0,,,,,,,,,,,,,,,,,,
37606001764,1,Stacks,pull_request,dependabot/github_actions/actions/checkout-7,playwright,kiln-1791368499-46,self-hosted kiln,success,2026-10-07T10:13:50Z,482,44,3,0,,,,,,,,,0,,,,13,,,0,2,0,,,,,,,,,,,,,1,,,12,3,,,,,,,,,,,,
37606001764,1,Stacks,pull_request,dependabot/github_actions/actions/checkout-7,docker-build,,self-hosted kiln,cancelled,2026-10-07T10:13:50Z,0,526,,,,,,,,,,,,,,,,,,,,,,,,,,,,,,,,,,,,,,,,,,,,,,,,,
37606001569,1,ci,pull_request,dependabot/github_actions/actions/checkout-7,test,kiln-1791368160-35,self-hosted kiln,success,2026-10-07T10:13:50Z,144,47,1,1,,4,0,14,16,,0,,0,,,,,,,,1,0,,,,,,,,,,,,,,,,,,,,,,,,,,,,,
37605949842,1,Stacks,pull_request,dependabot/github_actions/docker/setup-buildx-action-4,go,kiln-1791368040-31,self-hosted kiln,success,2026-10-07T10:13:22Z,52,36,2,0,,,,,,,,,0,,,,,,,,,,,,,,,,,,18,5,0,,,,,,,,,,,1,0,,,,,,
37605949842,1,Stacks,pull_request,dependabot/github_actions/docker/setup-buildx-action-4,playwright,kiln-1791368194-36,self-hosted kiln,success,2026-10-07T10:13:22Z,205,47,2,0,,,,,,,,,0,,,,13,,,0,,,,,,,,,,,,,,,2,,,17,2,,,,,1,1,,,,,,
37605949842,1,Stacks,pull_request,dependabot/github_actions/docker/setup-buildx-action-4,python-uv,kiln-1791368341-41,self-hosted kiln,success,2026-10-07T10:13:22Z,354,22,2,0,,,,,,,,,0,,,,,,,,,,,,,,,,1,,,,,,,,,,,,,7,0,2,0,,,,,,
37605949842,1,Stacks,pull_request,dependabot/github_actions/docker/setup-buildx-action-4,rust,kiln-1791368387-43,self-hosted kiln,success,2026-10-07T10:13:22Z,398,39,2,0,,,,,,,,,0,,,,,,,,,,,,,,,,,,,,,,,,,,,4,21,,,2,0,,,,,,
37605949842,1,Stacks,pull_request,dependabot/github_actions/docker/setup-buildx-action-4,docker-build,kiln-1791368443-44,self-hosted kiln,success,2026-10-07T10:13:22Z,455,35,3,0,,,,,,,,,0,,,,,,,,,,8,5,1,5,1,,,,,,,,,,,,,,,,,1,0,,,,,,
37605949842,1,Stacks,pull_request,dependabot/github_actions/docker/setup-buildx-action-4,node-postgres,kiln-1791368387-42,self-hosted kiln,success,2026-10-07T10:13:22Z,398,54,4,0,,,,,,,,,0,,,,13,,,0,,,,,,,,,,,,,,21,2,0,1,,,,,,,2,0,,,,,,
37605949944,1,ci,pull_request,dependabot/github_actions/docker/setup-buildx-action-4,test,kiln-1791368126-34,self-hosted kiln,success,2026-10-07T10:13:22Z,137,46,2,0,,4,0,14,15,,0,,0,,,,,,,,,,,,,,,,,,,,,,,,,,,,,,,1,1,,,,,,
37605768832,1,ci,push,main,test,kiln-1791367982-30,self-hosted kiln,success,2026-10-07T10:11:45Z,91,51,2,0,,8,1,15,15,,0,,0,,,,,,,,,,,,,,,,,,,,,,,,,,,,,,,1,0,,,,,,
37605768590,1,Stacks,push,main,go,kiln-1791367965-29,self-hosted kiln,success,2026-10-07T10:11:45Z,88,40,2,0,,,,,,,,,0,,,,,,,,,,,,,,,,,,22,5,0,,,,,,,,,,,2,0,,,,,,
37605768590,1,Stacks,push,main,rust,kiln-1791368233-37,self-hosted kiln,success,2026-10-07T10:11:45Z,343,35,2,0,,,,,,,,,0,,,,,,,,,,,,,,,,,,,,,,,,,,,4,20,,,2,1,,,,,,
37605768590,1,Stacks,push,main,python-uv,kiln-1791368341-40,self-hosted kiln,success,2026-10-07T10:11:45Z,451,21,3,0,,,,,,,,,0,,,,,,,,,,,,,,,,1,,,,,,,,,,,,,7,0,1,1,,,,,,
37605768590,1,Stacks,push,main,playwright,kiln-1791368058-32,self-hosted kiln,success,2026-10-07T10:11:45Z,165,48,2,1,,,,,,,,,0,,,,13,,,0,,,,,,,,,,,,,,,1,,,18,3,,,,,1,0,,,,,,
37605768590,1,Stacks,push,main,docker-build,kiln-1791368288-39,self-hosted kiln,success,2026-10-07T10:11:45Z,395,36,3,0,,,,,,,,,0,,,,,,,,,,,5,0,6,,,,,,,,,,,,,,,,,,2,0,10,0,,,,
37605768590,1,Stacks,push,main,node-postgres,kiln-1791368263-38,self-hosted kiln,success,2026-10-07T10:11:45Z,372,53,3,0,,,,,,,,,0,,,,14,,,0,,,,,,,,,,,,,,20,1,0,0,,,,,,,2,1,,,,,,
37604636474,1,ci,pull_request,dependabot/github_actions/actions/checkout-7,test,kiln-1791367331-14,self-hosted kiln,success,2026-10-07T10:01:47Z,37,46,2,0,,4,0,14,16,,0,,0,,,,,,,,1,0,,,,,,,,,,,,,,,,,,,,,,,,,,,,,
37604636616,1,Stacks,pull_request,dependabot/github_actions/actions/checkout-7,docker-build,kiln-1791367307-13,self-hosted kiln,success,2026-10-07T10:01:47Z,14,32,4,0,,,,,,,,,0,,,,,,,,1,0,,,2,,,,,,,,,,,,,,,,,,,,,6,1,5,4,,
37604636616,1,Stacks,pull_request,dependabot/github_actions/actions/checkout-7,playwright,kiln-1791367411-17,self-hosted kiln,success,2026-10-07T10:01:47Z,117,109,3,0,,,,,,,,,0,,,,14,,,1,1,0,,,,,,,,,,,,,3,,,76,2,,,,,,,,,,,,
37604636616,1,Stacks,pull_request,dependabot/github_actions/actions/checkout-7,rust,kiln-1791367896-27,self-hosted kiln,cancelled,2026-10-07T10:01:47Z,613,37,2,0,,,,,,,,,0,,,,,,,,1,0,,,,,,,,,,,,,,,,,,5,21,,,,,,,,,,
37604636616,1,Stacks,pull_request,dependabot/github_actions/actions/checkout-7,go,kiln-1791367927-28,self-hosted kiln,cancelled,2026-10-07T10:01:47Z,633,34,2,0,,,,,,,,,0,,,,,,,,2,0,,,,,,,,,16,5,0,,,,,,,,,,,,,,,,,,
37604636616,1,Stacks,pull_request,dependabot/github_actions/actions/checkout-7,node-postgres,kiln-1791367511-19,self-hosted kiln,success,2026-10-07T10:01:47Z,217,52,2,0,,,,,,,,,0,,,,14,,,0,1,1,,,,,,,,,,,,20,1,0,0,,,,,,,,,,,,,,
37604636616,1,Stacks,pull_request,dependabot/github_actions/actions/checkout-7,python-uv,,self-hosted kiln,cancelled,2026-10-07T10:01:47Z,0,636,,,,,,,,,,,,,,,,,,,,,,,,,,,,,,,,,,,,,,,,,,,,,,,,,
37604535654,1,ci,pull_request,dependabot/github_actions/docker/build-push-action-7,test,kiln-1791367259-12,self-hosted kiln,success,2026-10-07T10:00:55Z,19,47,2,0,,5,0,14,16,,0,,0,,,,,,,,,,,,,,,,,,,,,,,,,,,,,,,1,0,,,,,,
37604535646,1,Stacks,pull_request,dependabot/github_actions/docker/build-push-action-7,go,kiln-1791367777-24,self-hosted kiln,success,2026-10-07T10:00:55Z,548,41,3,1,,,,,,,,,0,,,,,,,,,,,,,,,,,,21,5,0,,,,,,,,,,,1,0,,,,,,
37604535646,1,Stacks,pull_request,dependabot/github_actions/docker/build-push-action-7,python-uv,kiln-1791367364-15,self-hosted kiln,success,2026-10-07T10:00:55Z,124,22,4,0,,,,,,,,,0,,,,,,,,,,,,,,,,1,,,,,,,,,,,,,6,0,1,0,,,,,,
37604535646,1,Stacks,pull_request,dependabot/github_actions/docker/build-push-action-7,docker-build,kiln-1791367396-16,self-hosted kiln,success,2026-10-07T10:00:55Z,154,34,4,0,,,,,,,,,0,,,,,,,,,,,5,2,4,,,,,,,,,,,,,,,,,,1,0,7,1,,,,
37604535646,1,Stacks,pull_request,dependabot/github_actions/docker/build-push-action-7,rust,kiln-1791367835-25,self-hosted kiln,success,2026-10-07T10:00:55Z,599,38,4,0,,,,,,,,,0,,,,,,,,,,,,,,,,,,,,,,,,,,,5,21,,,1,1,,,,,,
37604535646,1,Stacks,pull_request,dependabot/github_actions/docker/build-push-action-7,playwright,kiln-1791367624-23,self-hosted kiln,success,2026-10-07T10:00:55Z,389,139,2,0,,,,,,,,,0,,,,18,,,0,,,,,,,,,,,,,,,4,,,101,3,,,,,1,0,,,,,,
37604535646,1,Stacks,pull_request,dependabot/github_actions/docker/build-push-action-7,node-postgres,kiln-1791367541-20,self-hosted kiln,success,2026-10-07T10:00:55Z,300,50,4,0,,,,,,,,,0,,,,13,,,0,,,,,,,,,,,,,,19,1,1,1,,,,,,,1,0,,,,,,
37604377218,1,ci,push,main,test,kiln-1791367186-10,self-hosted kiln,success,2026-10-07T09:59:40Z,20,49,1,0,,4,0,14,16,,0,,0,,,,,,,,,,,,,,,,,,,,,,,,,,,,,,,4,1,,,,,,
37604377235,1,Stacks,push,main,go,kiln-1791367186-9,self-hosted kiln,success,2026-10-07T09:59:40Z,21,40,8,0,,,,,,,,,0,,,,,,,,,,,,,,,,,,17,6,0,,,,,,,,,,,1,0,,,,,,
37604377235,1,Stacks,push,main,node-postgres,kiln-1791367851-26,self-hosted kiln,success,2026-10-07T09:59:40Z,685,56,3,0,,,,,,,,,0,,,,16,,,0,,,,,,,,,,,,,,21,4,1,1,,,,,,,1,0,,,,,,
37604377235,1,Stacks,push,main,rust,kiln-1791367449-18,self-hosted kiln,success,2026-10-07T09:59:40Z,283,38,2,0,,,,,,,,,0,,,,,,,,,,,,,,,,,,,,,,,,,,,5,22,,,2,0,,,,,,
37604377235,1,Stacks,push,main,playwright,kiln-1791367609-22,self-hosted kiln,success,2026-10-07T09:59:40Z,443,137,4,0,,,,,,,,,0,,,,13,,,0,,,,,,,,,,,,,,,4,,,103,1,,,,,2,1,,,,,,
37604377235,1,Stacks,push,main,python-uv,kiln-1791367579-21,self-hosted kiln,success,2026-10-07T09:59:40Z,417,19,3,0,,,,,,,,,0,,,,,,,,,,,,,,,,1,,,,,,,,,,,,,5,0,1,0,,,,,,
37604377235,1,Stacks,push,main,docker-build,kiln-1791367245-11,self-hosted kiln,success,2026-10-07T09:59:40Z,78,37,5,0,,,,,,,,,0,,,,,,,,,,,,1,,,,,,,,,,,,,,,,,,,6,0,6,0,6,5,,
37603854119,1,ci,pull_request,dependabot/github_actions/actions/setup-go-7,test,kiln-1791366954-4,self-hosted kiln,success,2026-10-07T09:54:56Z,71,46,2,0,,4,0,14,16,,0,,0,,,,,,,,,,,,,,,,,,,,,,,,,,,,,,,1,0,,,,,,
37603854467,1,Stacks,pull_request,dependabot/github_actions/actions/setup-go-7,python-uv,kiln-1791366901-3,self-hosted kiln,success,2026-10-07T09:54:56Z,22,27,2,0,,,,,,,,,0,,,,,,,,,,,,,,,,1,,,,,,,,,,,,,6,0,2,0,,,,,,
37603854467,1,Stacks,pull_request,dependabot/github_actions/actions/setup-go-7,playwright,kiln-1791367018-6,self-hosted kiln,success,2026-10-07T09:54:56Z,135,109,3,0,,,,,,,,,0,,,,13,,,0,,,,,,,,,,,,,,,3,,,76,3,,,,,1,0,,,,,,
37603854467,1,Stacks,pull_request,dependabot/github_actions/actions/setup-go-7,rust,kiln-1791366901-2,self-hosted kiln,success,2026-10-07T09:54:56Z,31,46,8,0,,,,,,,,,0,,,,,,,,,,,,,,,,,,,,,,,,,,,9,20,,,1,0,,,,,,
37603854467,1,Stacks,pull_request,dependabot/github_actions/actions/setup-go-7,node-postgres,kiln-1791367090-8,self-hosted kiln,success,2026-10-07T09:54:56Z,208,52,2,0,,,,,,,,,0,,,,14,,,0,,,,,,,,,,,,,,23,1,1,1,,,,,,,1,0,,,,,,
37603854467,1,Stacks,pull_request,dependabot/github_actions/actions/setup-go-7,go,kiln-1791366983-5,self-hosted kiln,success,2026-10-07T09:54:56Z,100,36,2,0,,,,,,,,,0,,,,,,,,,,,,,,,,,,18,5,0,,,,,,,,,,,2,0,,,,,,
37603854467,1,Stacks,pull_request,dependabot/github_actions/actions/setup-go-7,docker-build,kiln-1791367037-7,self-hosted kiln,success,2026-10-07T09:54:56Z,155,34,5,0,,,,,,,,,0,,,,,,,,,,,,1,,,,,,,,,,,,,,,,,,,1,1,6,0,6,5,,
37600969506,1,ci,push,main,test,kiln-1791365376-1,self-hosted kiln,success,2026-10-07T09:29:31Z,19,44,1,0,,4,0,13,15,,0,,0,,,,,,,,,,,,,,,,,,,,,,,,,,,,,,,2,1,,,,,,
37600788651,1,ci,workflow_dispatch,github-app,test,kiln-1791365281-0,self-hosted kiln,success,2026-10-07T09:27:57Z,18,46,2,0,,5,0,14,16,,0,,0,,,,,,,,,,,,,,,,,,,,,,,,,,,,,,,1,0,,,,,,
37599782001,1,selftest,workflow_dispatch,github-app,probe,kiln-1791364756-0,self-hosted kiln,success,2026-10-07T09:19:11Z,18,21,2,0,,,,,,,,,0,0,8,0,1,0,0,0,,,,,,,,,,,,,,,,,,,,,,,,,,,,,,,
37597301229,1,ci,pull_request,github-app,test,kiln-1791363952-7,self-hosted kiln,success,2026-10-07T08:57:50Z,496,46,1,0,,4,0,14,15,,0,,0,,,,,,,,,,,,,,,,,,,,,,,,,,,,,,,2,1,,,,,,
37597258960,1,ci,pull_request,github-app,test,kiln-1791363454-6,self-hosted kiln,failure,2026-10-07T08:57:28Z,19,45,2,0,,4,0,14,16,,0,,0,,,,,,,,,,,,,,,,,,,,,,,,,,,,,,,1,0,,,,,,
37596940708,1,ci,pull_request,github-app,test,kiln-1791363284-5,self-hosted kiln,failure,2026-10-07T08:54:39Z,18,46,1,1,,4,0,14,15,,0,,0,,,,,,,,,,,,,,,,,,,,,,,,,,,,,,,1,1,,,,,,
37595084164,1,ci,pull_request,github-app,test,kiln-1791362307-4,self-hosted kiln,success,2026-10-07T08:38:13Z,27,45,2,0,,4,0,14,15,,0,,0,,,,,,,,,,,,,,,,,,,,,,,,,,,,,,,1,1,,,,,,
37594649243,1,ci,pull_request,github-app,test,kiln-1791362067-3,self-hosted kiln,success,2026-10-07T08:34:20Z,20,45,2,0,,5,0,13,15,,0,,0,,,,,,,,,,,,,,,,,,,,,,,,,,,,,,,1,0,,,,,,
37594016412,1,ci,pull_request,github-app,test,kiln-1791361727-2,self-hosted kiln,success,2026-10-07T08:28:44Z,16,45,1,0,,4,0,14,15,,0,,0,,,,,,,,,,,,,,,,,,,,,,,,,,,,,,,2,1,,,,,,
37592823491,1,ci,pull_request,github-app,test,kiln-1791361088-0,self-hosted kiln,success,2026-10-07T08:17:51Z,33,49,2,0,,5,0,15,17,,0,,0,,,,,,,,,,,,,,,,,,,,,,,,,,,,,,,1,0,,,,,,
37592806521,1,ci,pull_request,github-app,test,kiln-1791361088-1,self-hosted kiln,success,2026-10-07T08:17:42Z,40,48,2,0,,5,0,14,18,,1,,0,,,,,,,,,,,,,,,,,,,,,,,,,,,,,,,1,0,,,,,,
37591994047,1,ci,pull_request,github-app,test,kiln-1791360627-1,self-hosted kiln,success,2026-10-07T08:10:20Z,20,46,2,0,,4,0,15,15,,0,,0,,,,,,,,,,,,,,,,,,,,,,,,,,,,,,,1,0,,,,,,
37591889922,1,ci,push,main,test,kiln-1791360563-0,self-hosted kiln,success,2026-10-07T08:09:22Z,15,44,2,0,,4,0,14,15,,0,,0,,,,,,,,,,,,,,,,,,,,,,,,,,,,,,,2,0,,,,,,
37591122654,1,ci,pull_request,p3-repo-sizing,test,kiln-1791360146-2,self-hosted kiln,success,2026-10-07T08:02:20Z,21,76,1,0,,4,0,14,15,,1,,0,,,,,,,,,,,,,,,,,,,,,,,,,,,,,,,1,0,,,,,,
37590582952,1,ci,pull_request,p3-repo-sizing,test,kiln-1791359848-1,self-hosted kiln,success,2026-10-07T07:57:24Z,16,45,1,1,,4,0,14,15,,0,,0,,,,,,,,,,,,,,,,,,,,,,,,,,,,,,,1,1,,,,,,
37589377711,1,ci,push,main,test,kiln-1791359172-0,self-hosted kiln,success,2026-10-07T07:46:07Z,19,43,2,0,,4,0,14,14,,1,,0,,,,,,,,,,,,,,,,,,,,,,,,,,,,,,,1,0,,,,,,
37589184330,1,ci,pull_request,issue-7-adoption-gaps,test,kiln-1791359066-2,self-hosted kiln,success,2026-10-07T07:44:20Z,21,69,1,1,,7,6,29,14,,0,,0,,,,,,,,,,,,,,,,,,,,,,,,,,,,,,,2,1,,,,,,
37588935466,1,selftest,workflow_dispatch,issue-7-adoption-gaps,probe,kiln-1791358923-1,self-hosted kiln,success,2026-10-07T07:41:58Z,21,24,2,1,,,,,,,,,0,1,10,0,1,0,0,0,,,,,,,,,,,,,,,,,,,,,,,,,,,,,,,
37587720067,1,ci,pull_request,issue-7-adoption-gaps,test,kiln-1791358290-0,self-hosted kiln,success,2026-10-07T07:30:17Z,170,146,3,,,18,8,58,18,,10,,0,,,,,,,,,,,,,,,,,,,,,,,,,,,,,,,18,0,,,,,,
37587297342,1,ci,pull_request,issue-7-adoption-gaps,test,kiln-1791357996-1,self-hosted kiln,failure,2026-10-07T07:26:10Z,54,602,2,,,4,0,,,,,,,,,,,,,,,,,,,,,,,,,,,,,,,,,,,,,1,,,,,,,
37587024856,1,ci,pull_request,issue-7-adoption-gaps,test,kiln-1791357817-0,self-hosted kiln,success,2026-10-07T07:23:28Z,67,112,2,,,14,9,37,17,,4,,0,,,,,,,,,,,,,,,,,,,,,,,,,,,,,,,9,0,,,,,,
37508740418,1,ci,pull_request,dependabot/github_actions/actions/checkout-7,test,kiln-1791310109-7,self-hosted kiln,success,2026-10-06T18:06:31Z,135,45,2,,,4,0,13,16,,0,,0,,,,,,,,1,1,,,,,,,,,,,,,,,,,,,,,,,,,,,,,
37508740439,1,Stacks,pull_request,dependabot/github_actions/actions/checkout-7,rust,kiln-1791310124-8,self-hosted kiln,success,2026-10-06T18:06:31Z,146,36,2,,,,,,,,,,0,,,,,,,,1,1,,,,,,,,,,,,,,,,,,5,20,,,,,,,,,,
37508740439,1,Stacks,pull_request,dependabot/github_actions/actions/checkout-7,docker-build,kiln-1791310178-9,self-hosted kiln,success,2026-10-06T18:06:31Z,202,34,4,,,,,,,,,,0,,,,,,,,1,0,,,3,,,,,,,,,,,,,,,,,,,,,7,0,5,4,,
37508740439,1,Stacks,pull_request,dependabot/github_actions/actions/checkout-7,node-postgres,kiln-1791310216-11,self-hosted kiln,success,2026-10-06T18:06:31Z,237,59,2,,,,,,,,,,0,,,,23,,,0,1,1,,,,,,,,,,,,20,1,0,0,,,,,,,,,,,,,,
37508740439,1,Stacks,pull_request,dependabot/github_actions/actions/checkout-7,go,kiln-1791310292-13,self-hosted kiln,success,2026-10-06T18:06:31Z,314,59,2,,,,,,,,,,0,,,,,,,,2,0,,,,,,,,,,4,,,,,,,,,,,,,,,,,,43,1
37508740439,1,Stacks,pull_request,dependabot/github_actions/actions/checkout-7,python-uv,kiln-1791310178-10,self-hosted kiln,success,2026-10-06T18:06:31Z,202,19,3,,,,,,,,,,0,,,,,,,,1,0,,,,,,,1,,,,,,,,,,,,,5,0,,,,,,,,
37508740439,1,Stacks,pull_request,dependabot/github_actions/actions/checkout-7,playwright,kiln-1791310235-12,self-hosted kiln,success,2026-10-06T18:06:31Z,257,136,3,,,,,,,,,,0,,,,23,,,0,1,0,,,,,,,,,,,,,2,,,96,3,,,,,,,,,,,,
37508451787,1,ci,push,main,test,kiln-1791309912-2,self-hosted kiln,success,2026-10-06T18:04:17Z,66,42,1,,,4,1,12,15,,0,,0,,,,,,,,,,,,,,,,,,,,,,,,,,,,,,,1,1,,,,,,
37508451927,1,Stacks,push,main,docker-build,kiln-1791309975-4,self-hosted kiln,success,2026-10-06T18:04:17Z,136,40,9,,,,,,,,,,0,,,,,,,,,,,,1,,,,,,,,,,,,,,,,,,,1,0,12,0,5,4,,
37508451927,1,Stacks,push,main,python-uv,kiln-1791309865-0,self-hosted kiln,success,2026-10-06T18:04:17Z,30,20,2,,,,,,,,,,0,,,,,,,,,,,,,,,,1,,,,,,,,,,,,,6,0,1,0,,,,,,
37508451927,1,Stacks,push,main,rust,kiln-1791310072-6,self-hosted kiln,success,2026-10-06T18:04:17Z,227,35,2,,,,,,,,,,0,,,,,,,,,,,,,,,,,,,,,,,,,,,5,20,,,1,0,,,,,,
37508451927,1,Stacks,push,main,go,kiln-1791309865-1,self-hosted kiln,success,2026-10-06T18:04:17Z,21,38,3,,,,,,,,,,0,,,,,,,,,,,,,,,,,,,5,,,,,,,,,,,,1,0,,,,,21,0
37508451927,1,Stacks,push,main,playwright,kiln-1791309925-3,self-hosted kiln,success,2026-10-06T18:04:18Z,81,124,2,,,,,,,,,,0,,,,15,,,0,,,,,,,,,,,,,,,2,,,89,2,,,,,6,0,,,,,,
37508451927,1,Stacks,push,main,node-postgres,kiln-1791310041-5,self-hosted kiln,success,2026-10-06T18:04:18Z,195,51,3,,,,,,,,,,0,,,,15,,,0,,,,,,,,,,,,,,20,1,0,0,,,,,,,1,1,,,,,,
37507807009,1,ci,push,main,test,kiln-1791309696-30,self-hosted kiln,success,2026-10-06T17:59:27Z,141,46,2,,,7,0,13,14,,1,,0,,,,,,,,,,,,,,,,,,,,,,,,,,,,,,,1,0,,,,,,
37507806932,1,Stacks,push,main,playwright,kiln-1791309574-28,self-hosted kiln,success,2026-10-06T17:59:27Z,21,129,3,,,,,,,,,,0,,,,21,,,1,,,,,,,,,,,,,,,3,,,91,1,,,,,1,0,,,,,,
37507806932,1,Stacks,push,main,docker-build,kiln-1791309642-29,self-hosted kiln,success,2026-10-06T17:59:28Z,87,34,4,,,,,,,,,,0,,,,,,,,,,,,1,,,,,,,,,,,,,,,,,,,1,0,6,0,5,9,,
37507806932,1,Stacks,push,main,go,kiln-1791309574-27,self-hosted kiln,success,2026-10-06T17:59:28Z,24,44,3,,,,,,,,,,0,,,,,,,,,,,,,,,,,,,5,,,,,,,,,,,,1,0,,,,,26,0
37507806932,1,Stacks,push,main,rust,kiln-1791309723-31,self-hosted kiln,success,2026-10-06T17:59:28Z,166,34,2,,,,,,,,,,0,,,,,,,,,,,,,,,,,,,,,,,,,,,5,19,,,1,0,,,,,,
37507806932,1,Stacks,push,main,node-postgres,kiln-1791309763-32,self-hosted kiln,success,2026-10-06T17:59:28Z,207,54,4,,,,,,,,,,0,,,,15,,,0,,,,,,,,,,,,,,21,1,0,0,,,,,,,1,1,,,,,,
37507806932,1,Stacks,push,main,python-uv,kiln-1791309775-33,self-hosted kiln,success,2026-10-06T17:59:28Z,219,18,3,,,,,,,,,,0,,,,,,,,,,,,,,,,1,,,,,,,,,,,,,5,0,1,0,,,,,,
37505909186,1,ci,pull_request,dependabot/github_actions/astral-sh/setup-uv-7,test,kiln-1791309494-26,self-hosted kiln,success,2026-10-06T17:44:44Z,822,55,1,,,5,0,16,14,,0,,1,,,,,,,,,,,,,,,,,,,,,,,,,,,,,,,1,0,,,,,,
37505903184,1,Stacks,push,dependabot/github_actions/astral-sh/setup-uv-7,python-uv,kiln-1791309134-15,self-hosted kiln,success,2026-10-06T17:44:41Z,465,17,2,,,,,,,,,,0,,,,,,,,,,,,,,,4,1,0,,,,,,,,,,,,,,2,0,,,,,,
37505903184,1,Stacks,push,dependabot/github_actions/astral-sh/setup-uv-7,node-postgres,kiln-1791309060-13,self-hosted kiln,success,2026-10-06T17:44:41Z,392,56,8,,,,,,,,,,0,,,,14,,,0,,,,,,,,,,,,,,20,2,0,0,,,,,,,2,1,,,,,,
37505903184,1,Stacks,push,dependabot/github_actions/astral-sh/setup-uv-7,go,kiln-1791308949-9,self-hosted kiln,success,2026-10-06T17:44:41Z,280,40,3,,,,,,,,,,0,,,,,,,,,,,,,,,,,,,4,,,,,,,,,,,,6,0,,,,,19,1
37505903184,1,Stacks,push,dependabot/github_actions/astral-sh/setup-uv-7,docker-build,kiln-1791309174-17,self-hosted kiln,success,2026-10-06T17:44:41Z,505,33,7,,,,,,,,,,0,,,,,,,,,,,,1,,,,,,,,,,,,,,,,,,,1,0,6,1,5,4,,
37505903184,1,Stacks,push,dependabot/github_actions/astral-sh/setup-uv-7,rust,,self-hosted kiln,cancelled,2026-10-06T17:44:41Z,0,615,,,,,,,,,,,,,,,,,,,,,,,,,,,,,,,,,,,,,,,,,,,,,,,,,
37505903184,1,Stacks,push,dependabot/github_actions/astral-sh/setup-uv-7,playwright,,self-hosted kiln,cancelled,2026-10-06T17:44:41Z,0,615,,,,,,,,,,,,,,,,,,,,,,,,,,,,,,,,,,,,,,,,,,,,,,,,,
37505885560,1,Stacks,push,v0.1.0,rust,,self-hosted kiln,cancelled,2026-10-06T17:44:33Z,0,624,,,,,,,,,,,,,,,,,,,,,,,,,,,,,,,,,,,,,,,,,,,,,,,,,
37505885560,1,Stacks,push,v0.1.0,node-postgres,kiln-1791308907-8,self-hosted kiln,success,2026-10-06T17:44:33Z,251,49,3,,,,,,,,,,0,,,,14,,,0,,,,,,,,,,,,,,20,1,0,0,,,,,,,1,1,,,,,,
37505885560,1,Stacks,push,v0.1.0,docker-build,kiln-1791309232-19,self-hosted kiln,success,2026-10-06T17:44:33Z,570,29,3,,,,,,,,,,0,,,,,,,,,,,,0,,,,,,,,,,,,,,,,,,,2,0,5,1,5,4,,
37505885560,1,Stacks,push,v0.1.0,playwright,,self-hosted kiln,cancelled,2026-10-06T17:44:33Z,0,624,,,,,,,,,,,,,,,,,,,,,,,,,,,,,,,,,,,,,,,,,,,,,,,,,
37505885560,1,Stacks,push,v0.1.0,go,,self-hosted kiln,cancelled,2026-10-06T17:44:33Z,0,624,,,,,,,,,,,,,,,,,,,,,,,,,,,,,,,,,,,,,,,,,,,,,,,,,
37505885560,1,Stacks,push,v0.1.0,python-uv,,self-hosted kiln,cancelled,2026-10-06T17:44:33Z,0,624,,,,,,,,,,,,,,,,,,,,,,,,,,,,,,,,,,,,,,,,,,,,,,,,,
37505882103,1,ci,pull_request,dependabot/github_actions/actions/checkout-7,test,kiln-1791308667-2,self-hosted kiln,success,2026-10-06T17:44:31Z,8,45,2,,,5,0,13,16,,0,,0,,,,,,,,1,1,,,,,,,,,,,,,,,,,,,,,,,,,,,,,
37505874241,1,Stacks,push,dependabot/github_actions/actions/checkout-7,python-uv,kiln-1791309222-18,self-hosted kiln,success,2026-10-06T17:44:28Z,566,19,3,,,,,,,,,,0,,,,,,,,1,0,,,,,,,1,,,,,,,,,,,,,5,0,,,,,,,,
37505874241,1,Stacks,push,dependabot/github_actions/actions/checkout-7,rust,kiln-1791309261-20,self-hosted kiln,cancelled,2026-10-06T17:44:28Z,604,34,3,,,,,,,,,,0,,,,,,,,1,0,,,,,,,,,,,,,,,,,,4,19,,,,,,,,,,
37505874241,1,Stacks,push,dependabot/github_actions/actions/checkout-7,docker-build,,self-hosted kiln,cancelled,2026-10-06T17:44:28Z,0,631,,,,,,,,,,,,,,,,,,,,,,,,,,,,,,,,,,,,,,,,,,,,,,,,,
37505874241,1,Stacks,push,dependabot/github_actions/actions/checkout-7,node-postgres,,self-hosted kiln,cancelled,2026-10-06T17:44:28Z,0,631,,,,,,,,,,,,,,,,,,,,,,,,,,,,,,,,,,,,,,,,,,,,,,,,,
37505874241,1,Stacks,push,dependabot/github_actions/actions/checkout-7,go,,self-hosted kiln,cancelled,2026-10-06T17:44:28Z,0,631,,,,,,,,,,,,,,,,,,,,,,,,,,,,,,,,,,,,,,,,,,,,,,,,,
37505874241,1,Stacks,push,dependabot/github_actions/actions/checkout-7,playwright,,self-hosted kiln,cancelled,2026-10-06T17:44:28Z,0,631,,,,,,,,,,,,,,,,,,,,,,,,,,,,,,,,,,,,,,,,,,,,,,,,,
37505873314,1,ci,pull_request,dependabot/github_actions/docker/setup-buildx-action-4,test,kiln-1791308865-7,self-hosted kiln,success,2026-10-06T17:44:27Z,233,44,2,,,4,0,13,15,,0,,0,,,,,,,,,,,,,,,,,,,,,,,,,,,,,,,1,0,,,,,,
37505866094,1,Stacks,push,dependabot/github_actions/docker/setup-buildx-action-4,python-uv,,self-hosted kiln,cancelled,2026-10-06T17:44:24Z,0,637,,,,,,,,,,,,,,,,,,,,,,,,,,,,,,,,,,,,,,,,,,,,,,,,,
37505866094,1,Stacks,push,dependabot/github_actions/docker/setup-buildx-action-4,playwright,,self-hosted kiln,cancelled,2026-10-06T17:44:24Z,0,637,,,,,,,,,,,,,,,,,,,,,,,,,,,,,,,,,,,,,,,,,,,,,,,,,
37505866094,1,Stacks,push,dependabot/github_actions/docker/setup-buildx-action-4,rust,,self-hosted kiln,cancelled,2026-10-06T17:44:24Z,0,637,,,,,,,,,,,,,,,,,,,,,,,,,,,,,,,,,,,,,,,,,,,,,,,,,
37505866094,1,Stacks,push,dependabot/github_actions/docker/setup-buildx-action-4,docker-build,,self-hosted kiln,cancelled,2026-10-06T17:44:24Z,0,637,,,,,,,,,,,,,,,,,,,,,,,,,,,,,,,,,,,,,,,,,,,,,,,,,
37505866094,1,Stacks,push,dependabot/github_actions/docker/setup-buildx-action-4,node-postgres,,self-hosted kiln,cancelled,2026-10-06T17:44:24Z,0,637,,,,,,,,,,,,,,,,,,,,,,,,,,,,,,,,,,,,,,,,,,,,,,,,,
37505866094,1,Stacks,push,dependabot/github_actions/docker/setup-buildx-action-4,go,,self-hosted kiln,cancelled,2026-10-06T17:44:24Z,0,637,,,,,,,,,,,,,,,,,,,,,,,,,,,,,,,,,,,,,,,,,,,,,,,,,
37505856201,1,ci,pull_request,dependabot/github_actions/docker/build-push-action-7,test,kiln-1791308679-3,self-hosted kiln,success,2026-10-06T17:44:19Z,31,46,2,,,5,0,15,15,,0,,0,,,,,,,,,,,,,,,,,,,,,,,,,,,,,,,1,0,,,,,,
37505850156,1,Stacks,push,dependabot/github_actions/docker/build-push-action-7,playwright,kiln-1791309310-22,self-hosted kiln,success,2026-10-06T17:44:16Z,713,121,3,,,,,,,,,,0,,,,14,,,0,,,,,,,,,,,,,,,2,,,90,1,,,,,1,1,,,,,,
37505850156,1,Stacks,push,dependabot/github_actions/docker/build-push-action-7,node-postgres,kiln-1791309164-16,self-hosted kiln,success,2026-10-06T17:44:16Z,520,52,2,,,,,,,,,,0,,,,15,,,0,,,,,,,,,,,,,,21,2,0,1,,,,,,,1,0,,,,,,
37505850156,1,Stacks,push,dependabot/github_actions/docker/build-push-action-7,rust,kiln-1791308739-4,self-hosted kiln,success,2026-10-06T17:44:16Z,95,41,2,,,,,,,,,,0,,,,,,,,,,,,,,,,,,,,,,,,,,,5,21,,,6,0,,,,,,
37505850156,1,Stacks,push,dependabot/github_actions/docker/build-push-action-7,docker-build,kiln-1791308803-6,self-hosted kiln,success,2026-10-06T17:44:16Z,158,40,5,,,,,,,,,,0,,,,,,,,,,,5,1,4,,,,,,,,,,,,,,,,,,2,0,13,1,,,,
37505850156,1,Stacks,push,dependabot/github_actions/docker/build-push-action-7,python-uv,kiln-1791309347-23,self-hosted kiln,success,2026-10-06T17:44:16Z,704,18,3,,,,,,,,,,0,,,,,,,,,,,,,,,,1,,,,,,,,,,,,,6,0,1,0,,,,,,
37505850156,1,Stacks,push,dependabot/github_actions/docker/build-push-action-7,go,kiln-1791309383-24,self-hosted kiln,success,2026-10-06T17:44:16Z,740,63,11,,,,,,,,,,0,,,,,,,,,,,,,,,,,,,5,,,,,,,,,,,,1,0,,,,,38,0
37505835169,1,ci,pull_request,dependabot/github_actions/actions/setup-go-7,test,kiln-1791309281-21,self-hosted kiln,success,2026-10-06T17:44:09Z,646,42,2,,,4,1,12,14,,0,,0,,,,,,,,,,,,,,,,,,,,,,,,,,,,,,,1,0,,,,,,
37505827182,1,Stacks,push,dependabot/github_actions/actions/setup-go-7,python-uv,kiln-1791308617-1,self-hosted kiln,success,2026-10-06T17:44:06Z,2,24,9,,,,,,,,,,0,,,,,,,,,,,,,,,,1,,,,,,,,,,,,,5,0,1,0,,,,,,
37505827182,1,Stacks,push,dependabot/github_actions/actions/setup-go-7,playwright,kiln-1791308749-5,self-hosted kiln,success,2026-10-06T17:44:06Z,115,136,3,,,,,,,,,,0,,,,14,,,0,,,,,,,,,,,,,,,3,,,103,2,,,,,2,0,,,,,,
37505827182,1,Stacks,push,dependabot/github_actions/actions/setup-go-7,docker-build,kiln-1791308979-10,self-hosted kiln,success,2026-10-06T17:44:06Z,345,30,5,,,,,,,,,,0,,,,,,,,,,,,2,,,,,,,,,,,,,,,,,,,1,0,5,1,5,3,,
37505827182,1,Stacks,push,dependabot/github_actions/actions/setup-go-7,go,kiln-1791309030-12,self-hosted kiln,success,2026-10-06T17:44:06Z,402,34,2,,,,,,,,,,0,,,,,,,,,,,,,,,,,,19,5,0,,,,,,,,,,,1,0,,,,,,
37505827182,1,Stacks,push,dependabot/github_actions/actions/setup-go-7,node-postgres,kiln-1791309092-14,self-hosted kiln,success,2026-10-06T17:44:06Z,458,51,2,,,,,,,,,,0,,,,13,,,0,,,,,,,,,,,,,,21,2,0,1,,,,,,,1,0,,,,,,
37505827182,1,Stacks,push,dependabot/github_actions/actions/setup-go-7,rust,kiln-1791309009-11,self-hosted kiln,success,2026-10-06T17:44:06Z,375,33,2,,,,,,,,,,0,,,,,,,,,,,,,,,,,,,,,,,,,,,4,20,,,1,0,,,,,,
37505722594,1,ci,push,main,test,kiln-1791308600-0,self-hosted kiln,success,2026-10-06T17:43:17Z,17,44,2,,,5,0,15,14,,0,,0,,,,,,,,,,,,,,,,,,,,,,,,,,,,,,,1,0,,,,,,
37492449526,1,ci,push,main,test,kiln-1791302526-2,self-hosted kiln,success,2026-10-06T16:02:02Z,18,42,1,,,4,,,26,,,,0,,,,,,,,,,,,,,,,,,,,,,,,,,,,,,,2,0,,,,,,
37491874873,1,ci,push,main,test,kiln-1791302273-1,self-hosted kiln,success,2026-10-06T15:57:48Z,19,41,1,,,5,,,26,,,,0,,,,,,,,,,,,,,,,,,,,,,,,,,,,,,,1,0,,,,,,
37491487019,1,ci,push,main,test,kiln-1791302105-0,self-hosted kiln,success,2026-10-06T15:54:58Z,22,82,1,,,40,,,32,,,,1,,,,,,,,,,,,,,,,,,,,,,,,,,,,,,,1,0,,,,,,
37490734016,1,ci,push,main,test,kiln-1791301750-0,self-hosted kiln,success,2026-10-06T15:49:29Z,3,72,2,,,27,,,33,,,,0,,,,,,,,,,,,,,,,,,,,,,,,,,,,,,,2,0,,,,,,
37489861591,1,ci,pull_request,kiln-hello-1791301382,test,kiln-1791301395-0,self-hosted kiln,success,2026-10-06T15:43:10Z,19,92,2,,,47,,,34,,,,0,,,,,,,,,,,,,,,,,,,,,,,,,,,,,,,1,1,,,,,,
37489856798,1,ci,push,kiln-hello-1791301382,test,kiln-1791301395-1,self-hosted kiln,success,2026-10-06T15:43:08Z,21,87,1,,,44,,,34,,,,0,,,,,,,,,,,,,,,,,,,,,,,,,,,,,,,1,0,,,,,,
37489856121,1,ci,push,kiln-hello-1791301382,test,kiln-1791301509-3,self-hosted kiln,success,2026-10-06T15:43:31Z,111,76,2,,,33,,,31,,,,0,,,,,,,,,,,,,,,,,,,,,,,,,,,,,,,1,0,,,,,,
37473399444,1,ci,push,main,test,kiln-1791294364-7,self-hosted kiln,success,2026-10-06T13:45:58Z,20,73,1,,,34,,,27,,,,0,,,,,,,,,,,,,,,,,,,,,,,,,,,,,,,2,0,,,,,,
37472773143,1,Stacks,workflow_dispatch,main,go,kiln-1791294084-1,self-hosted kiln,success,2026-10-06T13:41:19Z,24,35,3,,,,,,,,,,0,,,,,,,,,,,,,,,,,,,5,,,,,,,,,,,,1,0,,,,,18,0
37472773143,1,Stacks,workflow_dispatch,main,python-uv,kiln-1791294084-2,self-hosted kiln,success,2026-10-06T13:41:19Z,19,20,3,,,,,,,,,,0,,,,,,,,,,,,,,,,1,,,,,,,,,,,,,6,0,1,0,,,,,,
37472773143,1,Stacks,workflow_dispatch,main,playwright,kiln-1791294122-3,self-hosted kiln,success,2026-10-06T13:41:19Z,57,128,2,,,,,,,,,,0,,,,14,,,1,,,,,,,,,,,,,,,4,,,94,1,,,,,2,0,,,,,,
37472773143,1,Stacks,workflow_dispatch,main,rust,kiln-1791294142-4,self-hosted kiln,success,2026-10-06T13:41:19Z,76,93,3,,,,,,,,,,0,,,,,,,,,,,,,,,,,,,,,,,,,,,62,20,,,1,0,,,,,,
37472773143,1,Stacks,workflow_dispatch,main,node-postgres,kiln-1791294273-6,self-hosted kiln,success,2026-10-06T13:41:19Z,207,54,2,,,,,,,,,,0,,,,16,,,0,,,,,,,,,,,,,,22,1,0,1,,,,,,,1,0,,,,,,
37472773143,1,Stacks,workflow_dispatch,main,docker-build,kiln-1791294253-5,self-hosted kiln,success,2026-10-06T13:41:19Z,188,42,9,,,,,,,,,,0,,,,,,,,,,,,1,,,,,,,,,,,,,,,,,,,1,0,6,1,5,4,,
37472642807,1,selftest,workflow_dispatch,main,probe,kiln-1791294027-0,self-hosted kiln,failure,2026-10-06T13:40:20Z,22,15,0,,,,,,,,,,0,0,8,,,,0,,,,,,,,,,,,,,,,,,,,,,,,,,,,,,,,
37472253171,1,selftest,workflow_dispatch,main,probe,kiln-1791293847-0,self-hosted kiln,failure,2026-10-06T13:37:21Z,20,17,0,,,,,,,,,,0,0,8,,,,0,,,,,,,,,,,,,,,,,,,,,,,,,,,,,,,,
37466281923,1,ci,push,main,test,kiln-1791291071-0,self-hosted kiln,success,2026-10-06T12:51:04Z,21,73,2,,,32,,,26,,,,0,,,,,,,,,,,,,,,,,,,,,,,,,,,,,,,6,1,,,,,,
37465822019,1,ci,push,main,test,kiln-1791290850-0,self-hosted kiln,success,2026-10-06T12:47:23Z,21,68,2,,,31,,,26,,,,0,,,,,,,,,,,,,,,,,,,,,,,,,,,,,,,1,0,,,,,,
37465475719,1,ci,push,main,test,kiln-1791290684-1,self-hosted kiln,success,2026-10-06T12:44:36Z,22,67,1,,,30,,,26,,,,0,,,,,,,,,,,,,,,,,,,,,,,,,,,,,,,2,0,,,,,,
37465219212,1,ci,push,main,test,kiln-1791290562-0,self-hosted kiln,success,2026-10-06T12:42:33Z,24,74,2,,,33,,,31,,,,0,,,,,,,,,,,,,,,,,,,,,,,,,,,,,,,1,0,,,,,,
37464944227,1,selftest,workflow_dispatch,main,probe,kiln-1791290425-0,self-hosted kiln,success,2026-10-06T12:40:21Z,18,15,0,,,,,,,,,,0,0,8,,,,0,,,,,,,,,,,,,,,,,,,,,,,,,,,,,,,,
37463418028,1,selftest,workflow_dispatch,main,probe,kiln-1791289683-1,self-hosted kiln,failure,2026-10-06T12:27:55Z,22,11,0,,,,,,,,,,0,0,4,,,,0,,,,,,,,,,,,,,,,,,,,,,,,,,,,,,,,
37463398131,1,ci,push,main,test,kiln-1791289670-0,self-hosted kiln,success,2026-10-06T12:27:43Z,21,77,2,,,34,,,33,,,,0,,,,,,,,,,,,,,,,,,,,,,,,,,,,,,,1,0,,,,,,
37460036317,1,ci,push,main,test,kiln-1791287941-14,self-hosted kiln,success,2026-10-06T11:58:55Z,20,75,1,,,34,,,31,,,,0,,,,,,,,,,,,,,,,,,,,,,,,,,,,,,,1,1,,,,,,
37458818380,1,ci,push,main,test,kiln-1791287445-3,self-hosted kiln,success,2026-10-06T11:48:04Z,175,85,2,,,42,,,32,,,,0,,,,,,,,,,,,,,,,,,,,,,,,,,,,,,,1,0,,,,,,
37458818459,1,Stacks,push,main,docker-build,kiln-1791287618-8,self-hosted kiln,success,2026-10-06T11:48:04Z,348,42,4,,,,,,,,,,0,,,,,,,,,,,,1,,,,,,,,,,,,,,,,,,,1,0,6,1,10,9,,
37458818459,1,Stacks,push,main,go,kiln-1791287783-11,self-hosted kiln,success,2026-10-06T11:48:04Z,513,37,4,,,,,,,,,,0,,,,,,,,,,,,,,,,,,,5,,,,,,,,,,,,1,0,,,,,19,0
37458818459,1,Stacks,push,main,playwright,kiln-1791287660-9,self-hosted kiln,success,2026-10-06T11:48:04Z,390,132,3,,,,,,,,,,0,,,,15,,,0,,,,,,,,,,,,,,,7,,,96,1,,,,,1,1,,,,,,
37458818459,1,Stacks,push,main,rust,kiln-1791287679-10,self-hosted kiln,success,2026-10-06T11:48:04Z,409,86,3,,,,,,,,,,0,,,,,,,,,,,,,,,,,,,,,,,,,,,40,36,,,1,0,,,,,,
37458818459,1,Stacks,push,main,node-postgres,kiln-1791287815-12,self-hosted kiln,success,2026-10-06T11:48:04Z,545,61,3,,,,,,,,,,0,,,,22,,,1,,,,,,,,,,,,,,21,1,0,0,,,,,,,1,0,,,,,,
37458818459,1,Stacks,push,main,python-uv,kiln-1791287841-13,self-hosted kiln,success,2026-10-06T11:48:04Z,571,24,3,,,,,,,,,,0,,,,,,,,,,,,,,,,1,,,,,,,,,,,,,9,0,1,0,,,,,,
37458816868,1,ci,push,main,test,kiln-1791287292-0,self-hosted kiln,success,2026-10-06T11:48:03Z,23,86,2,,,42,,,33,,,,0,,,,,,,,,,,,,,,,,,,,,,,,,,,,,,,1,0,,,,,,
37458816917,1,Stacks,push,main,playwright,kiln-1791287292-1,self-hosted kiln,success,2026-10-06T11:48:04Z,22,130,5,,,,,,,,,,0,,,,27,,,0,,,,,,,,,,,,,,,3,,,82,2,,,,,1,0,,,,,,
37458816917,1,Stacks,push,main,go,kiln-1791287400-2,self-hosted kiln,success,2026-10-06T11:48:04Z,131,40,4,,,,,,,,,,0,,,,,,,,,,,,,,,,,,,4,,,,,,,,,,,,2,1,,,,,21,0
37458816917,1,Stacks,push,main,rust,kiln-1791287459-4,self-hosted kiln,success,2026-10-06T11:48:04Z,194,79,2,,,,,,,,,,0,,,,,,,,,,,,,,,,,,,,,,,,,,,42,26,,,1,1,,,,,,
37458816917,1,Stacks,push,main,node-postgres,kiln-1791287548-5,self-hosted kiln,success,2026-10-06T11:48:04Z,278,53,4,,,,,,,,,,0,,,,15,,,0,,,,,,,,,,,,,,20,2,0,1,,,,,,,1,0,,,,,,
37458816917,1,Stacks,push,main,docker-build,kiln-1791287562-6,self-hosted kiln,success,2026-10-06T11:48:04Z,291,37,4,,,,,,,,,,0,,,,,,,,,,,,1,,,,,,,,,,,,,,,,,,,1,0,6,1,5,4,,
37458816917,1,Stacks,push,main,python-uv,kiln-1791287618-7,self-hosted kiln,success,2026-10-06T11:48:04Z,348,20,3,,,,,,,,,,0,,,,,,,,,,,,,,,,1,,,,,,,,,,,,,5,0,1,0,,,,,,
37458054915,1,Stacks,push,main,rust,kiln-1791286983-3,self-hosted kiln,success,2026-10-06T11:41:16Z,121,82,3,,,,,,,,,,0,,,,,,,,,,,,,,,,,,,,,,,,,,,46,24,,,1,0,,,,,,
37458054915,1,Stacks,push,main,python-uv,kiln-1791286948-2,self-hosted kiln,success,2026-10-06T11:41:16Z,87,21,4,,,,,,,,,,0,,,,,,,,,,,,,,,,1,,,,,,,,,,,,,5,0,1,0,,,,,,
37458054915,1,Stacks,push,main,go,kiln-1791286879-1,self-hosted kiln,success,2026-10-06T11:41:16Z,18,50,3,,,,,,,,,,0,,,,,,,,,,,,,,,,,,,5,,,,,,,,,,,,1,0,,,,,33,0
37458054915,1,Stacks,push,main,docker-build,kiln-1791286989-4,self-hosted kiln,success,2026-10-06T11:41:16Z,127,53,5,,,,,,,,,,0,,,,,,,,,,,,0,,,,,,,,,,,,,,,,,,,1,0,28,1,5,5,,
37458054915,1,Stacks,push,main,node-postgres,kiln-1791287061-5,self-hosted kiln,failure,2026-10-06T11:41:16Z,198,85,3,,,,,,,,,,0,,,,20,,,0,,,,,,,,,,,,,,49,2,0,1,,,,,,,1,0,,,,,,
37458054915,1,Stacks,push,main,playwright,kiln-1791287087-6,self-hosted kiln,success,2026-10-06T11:41:16Z,228,118,2,,,,,,,,,,0,,,,15,,,0,,,,,,,,,,,,,,,4,,,79,1,,,,,2,1,,,,,,
37458054826,1,ci,push,main,test,kiln-1791286879-0,self-hosted kiln,success,2026-10-06T11:41:16Z,16,87,3,,,44,,,31,,,,0,,,,,,,,,,,,,,,,,,,,,,,,,,,,,,,1,1,,,,,,
37453443559,1,ci,push,main,test,kiln-1791284387-0,self-hosted kiln,success,2026-10-06T10:59:44Z,16,72,2,,,31,,,29,,,,0,,,,,,,,,,,,,,,,,,,,,,,,,,,,,,,2,0,,,,,,
37453102765,1,ci,push,main,test,kiln-1791284194-0,self-hosted kiln,success,2026-10-06T10:56:31Z,18,74,2,,,34,,,29,,,,0,,,,,,,,,,,,,,,,,,,,,,,,,,,,,,,1,1,,,,,,
37452585450,1,ci,push,main,test,kiln-1791283927-0,self-hosted kiln,success,2026-10-06T10:51:50Z,32,74,2,,,32,,,31,,,,0,,,,,,,,,,,,,,,,,,,,,,,,,,,,,,,1,1,,,,,,
37452582074,1,ci,push,master,test,,self-hosted kiln,cancelled,2026-10-06T10:51:49Z,0,15,,,,,,,,,,,,,,,,,,,,,,,,,,,,,,,,,,,,,,,,,,,,,,,,,
