id,repo,job,warm,cpus,mem_mb,egress,state,result,queued_at,started,online_at,busy_since,done_at,boot_s,pickup_s,vm_ready_before_job,job_url
kiln-1791441585-3,Bunty9/kiln,test,False,4,8192,filtered,done,Succeeded,1791441573,1791441585,1791441595,1791441598,1791441657,10,25,0,https://github.com/Bunty9/kiln/actions/runs/37738821349/job/113184507278
kiln-1791441585-2,Bunty9/kiln,test,False,4,8192,filtered,done,Succeeded,1791441581,1791441585,1791441595,1791441599,1791441657,10,18,0,https://github.com/Bunty9/kiln/actions/runs/37738832474/job/113184543539
kiln-1791441660-4,Bunty9/kiln,test,False,4,8192,filtered,done,Succeeded,1791441632,1791441660,1791441671,1791441675,1791441727,11,43,0,https://github.com/Bunty9/kiln/actions/runs/37738914115/job/113184808184
kiln-1791441710-5,Bunty9/kiln,ci-kiln-fresh,False,4,8192,filtered,done,Succeeded,1791441700,1791441710,1791441720,1791441723,1791441918,10,23,0,https://github.com/Bunty9/kiln/actions/runs/37739020357/job/113185152140
kiln-1791441733-6,Bunty9/kiln,ci-kiln,False,4,8192,filtered,done,Succeeded,1791441700,1791441733,1791441742,1791441745,1791441803,9,45,0,https://github.com/Bunty9/kiln/actions/runs/37739020357/job/113185152522
kiln-1791441815-7,Bunty9/kiln,docker-kiln,False,4,8192,filtered,done,Succeeded,1791441700,1791441815,1791441827,1791441830,1791441849,12,130,0,https://github.com/Bunty9/kiln/actions/runs/37739020357/job/113185152477
kiln-1791441861-8,Bunty9/kiln,test,False,4,8192,filtered,done,Succeeded,1791441814,1791441861,1791441872,1791441875,1791441930,11,61,0,https://github.com/Bunty9/kiln/actions/runs/37739200318/job/113185724322
kiln-1791441926-9,Bunty9/kiln,test,False,4,8192,filtered,done,Succeeded,1791441731,1791441926,1791441936,1791441940,1791441992,10,209,0,https://github.com/Bunty9/kiln/actions/runs/37739068258/job/113185303970
kiln-1791441964-10,Bunty9/kiln,ci-kiln,False,4,8192,filtered,done,Succeeded,1791441961,1791441964,1791441974,1791441978,1791442039,10,17,0,https://github.com/Bunty9/kiln/actions/runs/37739436747/job/113186470917
kiln-1791441996-11,Bunty9/kiln,docker-kiln,False,4,8192,filtered,done,Succeeded,1791441961,1791441996,1791442006,1791442010,1791442026,10,49,0,https://github.com/Bunty9/kiln/actions/runs/37739436747/job/113186471045
kiln-1791442035-12,Bunty9/kiln,ci-kiln-fresh,False,4,8192,filtered,done,Succeeded,1791441961,1791442035,1791442045,1791442049,1791442235,10,88,0,https://github.com/Bunty9/kiln/actions/runs/37739436747/job/113186471091
kiln-1791442248-14,Bunty9/kiln,docker-kiln,False,4,8192,filtered,done,Succeeded,1791442242,1791442248,1791442259,1791442262,1791442282,11,20,0,https://github.com/Bunty9/kiln/actions/runs/37739436747/job/113187880293
kiln-1791442248-13,Bunty9/kiln,ci-kiln,False,4,8192,filtered,done,Succeeded,1791442242,1791442248,1791442259,1791442262,1791442314,11,20,0,https://github.com/Bunty9/kiln/actions/runs/37739436747/job/113187880313
kiln-1791442294-15,Bunty9/kiln,ci-kiln-fresh,False,4,8192,filtered,done,Succeeded,1791442242,1791442294,1791442305,1791442309,1791442497,11,67,0,https://github.com/Bunty9/kiln/actions/runs/37739436747/job/113187880391
kiln-1791442512-17,Bunty9/kiln,docker-kiln,False,4,8192,filtered,done,Succeeded,1791442503,1791442512,1791442522,1791442526,1791442540,10,23,0,https://github.com/Bunty9/kiln/actions/runs/37739436747/job/113189198859
kiln-1791442512-16,Bunty9/kiln,ci-kiln-fresh,False,4,8192,filtered,done,Succeeded,1791442503,1791442512,1791442527,1791442531,1791442723,15,28,0,https://github.com/Bunty9/kiln/actions/runs/37739436747/job/113189199114
kiln-1791442551-18,Bunty9/kiln,ci-kiln,False,4,8192,filtered,done,Succeeded,1791442503,1791442551,1791442562,1791442565,1791442620,11,62,0,https://github.com/Bunty9/kiln/actions/runs/37739436747/job/113189199289
kiln-1791442742-20,Bunty9/kiln,ci-kiln-fresh,False,4,8192,filtered,done,Succeeded,1791442731,1791442742,1791442752,1791442757,1791442948,10,26,0,https://github.com/Bunty9/kiln/actions/runs/37739436747/job/113190357608
kiln-1791442742-19,Bunty9/kiln,docker-kiln,False,4,8192,filtered,done,Succeeded,1791442731,1791442742,1791442752,1791442756,1791442771,10,25,0,https://github.com/Bunty9/kiln/actions/runs/37739436747/job/113190357678
kiln-1791442790-21,Bunty9/kiln,ci-kiln,False,4,8192,filtered,done,Succeeded,1791442731,1791442790,1791442800,1791442804,1791442862,10,73,0,https://github.com/Bunty9/kiln/actions/runs/37739436747/job/113190357718
kiln-1791442962-23,Bunty9/kiln,docker-kiln,False,4,8192,filtered,done,Succeeded,1791442954,1791442962,1791442972,1791442976,1791442991,10,22,0,https://github.com/Bunty9/kiln/actions/runs/37739436747/job/113191535372
kiln-1791442962-22,Bunty9/kiln,ci-kiln,False,4,8192,filtered,done,Succeeded,1791442954,1791442962,1791442973,1791442977,1791443030,11,23,0,https://github.com/Bunty9/kiln/actions/runs/37739436747/job/113191535442
kiln-1791442995-24,Bunty9/kiln,ci-kiln-fresh,False,4,8192,filtered,done,Succeeded,1791442954,1791442995,1791443006,1791443009,1791443199,11,55,0,https://github.com/Bunty9/kiln/actions/runs/37739436747/job/113191535613
kiln-1791443213-26,Bunty9/kiln,docker-kiln,False,4,8192,filtered,done,Succeeded,1791443209,1791443213,1791443224,1791443228,1791443243,11,19,0,https://github.com/Bunty9/kiln/actions/runs/37739436747/job/113192865825
kiln-1791443213-25,Bunty9/kiln,ci-kiln-fresh,False,4,8192,filtered,done,Succeeded,1791443209,1791443213,1791443223,1791443227,1791443415,10,18,0,https://github.com/Bunty9/kiln/actions/runs/37739436747/job/113192866016
kiln-1791443252-27,Bunty9/kiln,ci-kiln,False,4,8192,filtered,done,Succeeded,1791443209,1791443252,1791443261,1791443265,1791443322,9,56,0,https://github.com/Bunty9/kiln/actions/runs/37739436747/job/113192866422
kiln-1791443425-29,Bunty9/kiln,ci-kiln-fresh,False,4,8192,filtered,done,Succeeded,1791443421,1791443425,1791443436,1791443439,1791443638,11,18,0,https://github.com/Bunty9/kiln/actions/runs/37739436747/job/113194000991
kiln-1791443425-28,Bunty9/kiln,docker-kiln,False,4,8192,filtered,done,Succeeded,1791443421,1791443425,1791443434,1791443438,1791443453,9,17,0,https://github.com/Bunty9/kiln/actions/runs/37739436747/job/113194000660
kiln-1791443462-30,Bunty9/kiln,ci-kiln,False,4,8192,filtered,done,Succeeded,1791443421,1791443462,1791443472,1791443475,1791443533,10,54,0,https://github.com/Bunty9/kiln/actions/runs/37739436747/job/113194000894
kiln-1791443655-32,Bunty9/kiln,docker-kiln,False,4,8192,filtered,done,Succeeded,1791443647,1791443655,1791443666,1791443670,1791443684,11,23,0,https://github.com/Bunty9/kiln/actions/runs/37739436747/job/113195201782
kiln-1791443655-31,Bunty9/kiln,ci-kiln,False,4,8192,filtered,done,Succeeded,1791443647,1791443655,1791443667,1791443671,1791443725,12,24,0,https://github.com/Bunty9/kiln/actions/runs/37739436747/job/113195201990
kiln-1791443694-33,Bunty9/kiln,ci-kiln-fresh,False,4,8192,filtered,done,Succeeded,1791443647,1791443694,1791443704,1791443708,1791443909,10,61,0,https://github.com/Bunty9/kiln/actions/runs/37739436747/job/113195201968
kiln-1791443736-34,Bunty9/kiln,test,False,4,8192,filtered,done,Failed,1791443726,1791443736,1791443745,1791443749,1791443807,9,23,0,https://github.com/Bunty9/kiln/actions/runs/37742315460/job/113195629150
kiln-1791443934-36,Bunty9/kiln,ci-kiln,False,4,8192,filtered,done,Succeeded,1791443918,1791443934,1791443945,1791443949,1791444002,11,31,0,https://github.com/Bunty9/kiln/actions/runs/37739436747/job/113196677998
kiln-1791443934-35,Bunty9/kiln,ci-kiln-fresh,False,4,8192,filtered,done,Succeeded,1791443918,1791443934,1791443944,1791443947,1791444142,10,29,0,https://github.com/Bunty9/kiln/actions/runs/37739436747/job/113196677683
kiln-1791444014-37,Bunty9/kiln,docker-kiln,False,4,8192,filtered,done,Succeeded,1791443918,1791444014,1791444026,1791444030,1791444046,12,112,0,https://github.com/Bunty9/kiln/actions/runs/37739436747/job/113196677979
kiln-1791444160-39,Bunty9/kiln,docker-kiln,False,4,8192,filtered,done,Succeeded,1791444149,1791444160,1791444170,1791444174,1791444189,10,25,0,https://github.com/Bunty9/kiln/actions/runs/37739436747/job/113197940809
kiln-1791444160-38,Bunty9/kiln,ci-kiln,False,4,8192,filtered,done,Succeeded,1791444149,1791444160,1791444171,1791444175,1791444232,11,26,0,https://github.com/Bunty9/kiln/actions/runs/37739436747/job/113197940974
kiln-1791444200-40,Bunty9/kiln,ci-kiln-fresh,False,4,8192,filtered,done,Succeeded,1791444149,1791444200,1791444210,1791444219,1791444412,10,70,0,https://github.com/Bunty9/kiln/actions/runs/37739436747/job/113197940966
kiln-1791444431-42,Bunty9/kiln,net-kiln,False,4,8192,filtered,done,Succeeded,1791444428,1791444431,1791444448,1791444453,1791444465,17,25,0,https://github.com/Bunty9/kiln/actions/runs/37743504516/job/113199466729
kiln-1791444431-41,Bunty9/kiln,boot,False,4,8192,filtered,done,Succeeded,1791444428,1791444431,1791444442,1791444445,1791444455,11,17,0,https://github.com/Bunty9/kiln/actions/runs/37743504516/job/113199466419
kiln-1791444473-44,Bunty9/kiln,boot,False,4,8192,filtered,done,Succeeded,1791444471,1791444473,1791444484,1791444487,1791444497,11,16,0,https://github.com/Bunty9/kiln/actions/runs/37743504516/job/113199701995
kiln-1791444473-43,Bunty9/kiln,net-kiln,False,4,8192,filtered,done,Succeeded,1791444471,1791444473,1791444485,1791444490,1791444501,12,19,0,https://github.com/Bunty9/kiln/actions/runs/37743504516/job/113199702259
kiln-1791444529-46,Bunty9/kiln,boot,False,4,8192,filtered,done,Succeeded,1791444510,1791444529,1791444539,1791444543,1791444566,10,33,0,https://github.com/Bunty9/kiln/actions/runs/37743504516/job/113199918623
kiln-1791444529-45,Bunty9/kiln,net-kiln,False,4,8192,filtered,done,Succeeded,1791444510,1791444529,1791444541,1791444544,1791444554,12,34,0,https://github.com/Bunty9/kiln/actions/runs/37743504516/job/113199919024
kiln-1791444563-47,Bunty9/kiln,boot,False,4,8192,filtered,done,Succeeded,1791444554,1791444563,1791444573,1791444576,1791444587,10,22,0,https://github.com/Bunty9/kiln/actions/runs/37743719369/job/113200165268
kiln-1791444575-48,Bunty9/kiln,net-kiln,False,4,8192,filtered,done,Succeeded,1791444554,1791444575,1791444585,1791444588,1791444622,10,34,0,https://github.com/Bunty9/kiln/actions/runs/37743719369/job/113200165541
kiln-1791444639-50,Bunty9/kiln,boot,False,4,8192,filtered,done,Succeeded,1791444628,1791444639,1791444649,1791444652,1791444670,10,24,0,https://github.com/Bunty9/kiln/actions/runs/37743719369/job/113200586385
kiln-1791444639-49,Bunty9/kiln,net-kiln,False,4,8192,filtered,done,Succeeded,1791444629,1791444639,1791444650,1791444656,1791444681,11,27,0,https://github.com/Bunty9/kiln/actions/runs/37743719369/job/113200586612
kiln-1791444699-52,Bunty9/kiln,boot,False,4,8192,filtered,done,Succeeded,1791444689,1791444699,1791444710,1791444715,1791444725,11,26,0,https://github.com/Bunty9/kiln/actions/runs/37743719369/job/113200931447
kiln-1791444699-51,Bunty9/kiln,net-kiln,False,4,8192,filtered,done,Succeeded,1791444689,1791444699,1791444724,1791444731,1791444756,25,42,0,https://github.com/Bunty9/kiln/actions/runs/37743719369/job/113200931431
kiln-1791444779-54,Bunty9/kiln,net-kiln,False,4,8192,filtered,done,Succeeded,1791444761,1791444779,1791444790,1791444795,1791444820,11,34,0,https://github.com/Bunty9/kiln/actions/runs/37743719369/job/113201331397
kiln-1791444779-53,Bunty9/kiln,boot,False,4,8192,filtered,done,Succeeded,1791444761,1791444779,1791444790,1791444794,1791444805,11,33,0,https://github.com/Bunty9/kiln/actions/runs/37743719369/job/113201331407
kiln-1791444832-56,Bunty9/kiln,boot,False,4,8192,filtered,done,Succeeded,1791444826,1791444832,1791444842,1791444846,1791444855,10,20,0,https://github.com/Bunty9/kiln/actions/runs/37743719369/job/113201695591
kiln-1791444832-55,Bunty9/kiln,net-kiln,False,4,8192,filtered,done,Succeeded,1791444826,1791444832,1791444842,1791444845,1791444873,10,19,0,https://github.com/Bunty9/kiln/actions/runs/37743719369/job/113201695801
kiln-1791444889-58,Bunty9/kiln,boot,False,4,8192,filtered,done,Succeeded,1791444881,1791444889,1791444899,1791444903,1791444913,10,22,0,https://github.com/Bunty9/kiln/actions/runs/37743719369/job/113201995887
kiln-1791444889-57,Bunty9/kiln,net-kiln,False,4,8192,filtered,done,Succeeded,1791444881,1791444889,1791444899,1791444902,1791444932,10,21,0,https://github.com/Bunty9/kiln/actions/runs/37743719369/job/113201995371
kiln-1791444950-60,Bunty9/kiln,boot,False,4,8192,filtered,done,Succeeded,1791444940,1791444950,1791444960,1791444963,1791444975,10,23,0,https://github.com/Bunty9/kiln/actions/runs/37743719369/job/113202322284
kiln-1791444950-59,Bunty9/kiln,net-kiln,False,4,8192,filtered,done,Succeeded,1791444940,1791444950,1791444960,1791444964,1791444990,10,24,0,https://github.com/Bunty9/kiln/actions/runs/37743719369/job/113202322481
kiln-1791445002-62,Bunty9/kiln,boot,False,4,8192,filtered,done,Succeeded,1791444996,1791445002,1791445015,1791445019,1791445036,13,23,0,https://github.com/Bunty9/kiln/actions/runs/37743719369/job/113202633379
kiln-1791445002-61,Bunty9/kiln,net-kiln,False,4,8192,filtered,done,Succeeded,1791444996,1791445002,1791445014,1791445018,1791445044,12,22,0,https://github.com/Bunty9/kiln/actions/runs/37743719369/job/113202633213
kiln-1791445058-64,Bunty9/kiln,net-kiln,False,4,8192,filtered,done,Succeeded,1791445052,1791445058,1791445068,1791445072,1791445098,10,20,0,https://github.com/Bunty9/kiln/actions/runs/37743719369/job/113202942682
kiln-1791445058-63,Bunty9/kiln,boot,False,4,8192,filtered,done,Succeeded,1791445051,1791445058,1791445069,1791445073,1791445084,11,22,0,https://github.com/Bunty9/kiln/actions/runs/37743719369/job/113202942442
kiln-1791445109-66,Bunty9/kiln,net-kiln,False,4,8192,filtered,done,Succeeded,1791445104,1791445109,1791445122,1791445126,1791445152,13,22,0,https://github.com/Bunty9/kiln/actions/runs/37743719369/job/113203232704
kiln-1791445109-65,Bunty9/kiln,boot,False,4,8192,filtered,done,Succeeded,1791445104,1791445109,1791445121,1791445125,1791445138,12,21,0,https://github.com/Bunty9/kiln/actions/runs/37743719369/job/113203232417
kiln-1791445163-68,Bunty9/kiln,boot,False,4,8192,filtered,done,Succeeded,1791445161,1791445163,1791445174,1791445178,1791445189,11,17,0,https://github.com/Bunty9/kiln/actions/runs/37743719369/job/113203539371
kiln-1791445163-67,Bunty9/kiln,net-kiln,False,4,8192,filtered,done,Succeeded,1791445161,1791445163,1791445173,1791445177,1791445212,10,16,0,https://github.com/Bunty9/kiln/actions/runs/37743719369/job/113203538987
kiln-1791445223-70,Bunty9/kiln,net-kiln,False,4,8192,filtered,done,Succeeded,1791445221,1791445223,1791445234,1791445237,1791445263,11,16,0,https://github.com/Bunty9/kiln/actions/runs/37743719369/job/113203872580
kiln-1791445223-69,Bunty9/kiln,boot,False,4,8192,filtered,done,Succeeded,1791445221,1791445223,1791445232,1791445236,1791445248,9,15,0,https://github.com/Bunty9/kiln/actions/runs/37743719369/job/113203872483
kiln-1791445345-71,Bunty9/kiln,probe,False,4,8192,filtered,done,Succeeded,1791445342,1791445345,1791445356,1791445360,1791445382,11,18,0,https://github.com/Bunty9/kiln/actions/runs/37745086625/job/113204554187
kiln-1791445398-72,Bunty9/kiln,test,False,4,8192,filtered,done,Succeeded,1791445388,1791445398,1791445408,1791445413,1791445466,10,25,0,https://github.com/Bunty9/kiln/actions/runs/37745168874/job/113204817871
kiln-1791445487-73,Bunty9/kiln,test,False,4,8192,filtered,done,Succeeded,1791445482,1791445487,1791445497,1791445501,1791445559,10,19,0,https://github.com/Bunty9/kiln/actions/runs/37745330836/job/113205341848
kiln-1791445516-74,Bunty9/kiln,test,False,4,8192,filtered,done,Succeeded,1791445513,1791445516,1791445527,1791445531,1791445586,11,18,0,https://github.com/Bunty9/kiln/actions/runs/37745387034/job/113205518641
kiln-1791445669-75,Bunty9/kiln,probe,False,4,8192,filtered,done,Succeeded,1791445665,1791445669,1791445679,1791445688,1791445708,10,23,0,https://github.com/Bunty9/kiln/actions/runs/37745650796/job/113206388079
kiln-1791445732-76,Bunty9/kiln,probe,False,4,8192,filtered,done,Succeeded,1791445724,1791445732,1791445742,1791445746,1791445770,10,22,0,https://github.com/Bunty9/kiln/actions/runs/37745750235/job/113206713546
kiln-1791445749-77,Bunty9/kiln,probe,False,4,8192,filtered,done,Succeeded,1791445732,1791445749,1791445769,1791445776,1791445798,20,44,0,https://github.com/Bunty9/kiln/actions/runs/37745762934/job/113206753819
kiln-1791445791-78,Bunty9/kiln,probe,False,4,8192,filtered,done,Succeeded,1791445788,1791445791,1791445801,1791445805,1791445825,10,17,0,https://github.com/Bunty9/kiln/actions/runs/37745857334/job/113207064123
kiln-1791445851-80,Bunty9/kiln,probe,False,4,8192,filtered,done,Succeeded,1791445843,1791445851,1791445887,1791445893,1791445914,36,50,0,https://github.com/Bunty9/kiln/actions/runs/37745956919/job/113207379526
kiln-1791445851-79,Bunty9/kiln,probe,False,4,8192,filtered,done,Succeeded,1791445841,1791445851,1791445861,1791445864,1791445911,10,23,0,https://github.com/Bunty9/kiln/actions/runs/37745952835/job/113207367133
kiln-1791445942-81,Bunty9/kiln,probe,False,4,8192,filtered,done,Succeeded,1791445933,1791445942,1791445953,1791445970,1791445996,11,37,0,https://github.com/Bunty9/kiln/actions/runs/37746114149/job/113207892306
kiln-1791446014-82,Bunty9/kiln,probe,False,4,8192,filtered,done,Succeeded,1791446013,1791446014,1791446028,1791446037,1791446058,14,24,0,https://github.com/Bunty9/kiln/actions/runs/37746254807/job/113208341300
kiln-1791446057-83,Bunty9/kiln,probe,False,4,8192,filtered,done,Succeeded,1791446051,1791446057,1791446069,1791446074,1791446094,12,23,0,https://github.com/Bunty9/kiln/actions/runs/37746322793/job/113208559691
kiln-1791446074-84,Bunty9/kiln,test,False,4,8192,filtered,done,Succeeded,1791446093,1791446074,1791446095,1791446101,1791446154,21,8,1,https://github.com/Bunty9/kiln/actions/runs/37746400031/job/113208799496
kiln-1791446107-85,Bunty9/kiln,probe,False,4,8192,filtered,done,Succeeded,1791446077,1791446107,1791446118,1791446122,1791446143,11,45,0,https://github.com/Bunty9/kiln/actions/runs/37746369537/job/113208706990
kiln-1791446159-86,Bunty9/kiln,test,False,4,8192,filtered,done,Succeeded,1791446130,1791446159,1791446169,1791446174,1791446228,10,44,0,https://github.com/Bunty9/kiln/actions/runs/37746468133/job/113209014607
kiln-1791446171-87,Bunty9/kiln,probe,False,4,8192,filtered,done,Succeeded,1791446162,1791446171,1791446181,1791446185,1791446205,10,23,0,https://github.com/Bunty9/kiln/actions/runs/37746522304/job/113209195553
kiln-1791446226-88,Bunty9/kiln,probe,False,4,8192,filtered,done,Succeeded,1791446222,1791446226,1791446236,1791446240,1791446262,10,18,0,https://github.com/Bunty9/kiln/actions/runs/37746626175/job/113209535286
kiln-1791446290-89,Bunty9/kiln,probe,False,4,8192,filtered,done,Succeeded,1791446281,1791446290,1791446302,1791446305,1791446332,12,24,0,https://github.com/Bunty9/kiln/actions/runs/37746726646/job/113209865256
kiln-1791446361-90,Bunty9/kiln,probe,False,4,8192,filtered,done,Succeeded,1791446382,1791446361,1791446372,1791446386,1791446406,11,4,1,https://github.com/Bunty9/kiln/actions/runs/37746903999/job/113210439730
kiln-1791446391-91,Bunty9/kiln,probe,False,4,8192,filtered,done,Succeeded,1791446452,1791446391,1791446401,1791446455,1791446476,10,3,1,https://github.com/Bunty9/kiln/actions/runs/37747036768/job/113210859242
kiln-1791446460-92,Bunty9/kiln,probe,False,4,8192,filtered,done,Succeeded,1791446522,1791446460,1791446470,1791446526,1791446547,10,4,1,https://github.com/Bunty9/kiln/actions/runs/37747167073/job/113211278858
kiln-1791446526-93,Bunty9/kiln,probe,False,4,8192,filtered,done,Succeeded,1791446592,1791446526,1791446536,1791446595,1791446616,10,3,1,https://github.com/Bunty9/kiln/actions/runs/37747293018/job/113211697759
kiln-1791446594-94,Bunty9/kiln,probe,False,4,8192,filtered,done,Succeeded,1791446660,1791446594,1791446604,1791446664,1791446685,10,4,1,https://github.com/Bunty9/kiln/actions/runs/37747416447/job/113212100841
kiln-1791446664-95,Bunty9/kiln,probe,False,4,8192,filtered,done,Succeeded,1791446731,1791446664,1791446674,1791446735,1791446756,10,4,1,https://github.com/Bunty9/kiln/actions/runs/37747542902/job/113212531951
kiln-1791446742-96,Bunty9/kiln,probe,False,4,8192,filtered,done,Succeeded,1791446800,1791446742,1791446754,1791446805,1791446826,12,5,1,https://github.com/Bunty9/kiln/actions/runs/37747672794/job/113212947519
kiln-1791446802-97,Bunty9/kiln,probe,False,4,8192,filtered,done,Succeeded,1791446871,1791446802,1791446812,1791446875,1791446897,10,4,1,https://github.com/Bunty9/kiln/actions/runs/37747801704/job/113213368884
kiln-1791446880-98,Bunty9/kiln,probe,False,4,8192,filtered,done,Succeeded,1791446940,1791446880,1791446891,1791446944,1791446966,11,4,1,https://github.com/Bunty9/kiln/actions/runs/37747927171/job/113213777073
kiln-1791446950-99,Bunty9/kiln,probe,False,4,8192,filtered,done,Succeeded,1791447011,1791446950,1791446960,1791447015,1791447036,10,4,1,https://github.com/Bunty9/kiln/actions/runs/37748052525/job/113214200990
kiln-1791447017-100,Bunty9/kiln,probe,False,4,8192,filtered,done,Succeeded,1791447095,1791447017,1791447028,1791447110,1791447129,11,15,1,https://github.com/Bunty9/kiln/actions/runs/37748179815/job/113214712102
kiln-1791447106-101,Bunty9/kiln,,True,4,8192,filtered,killed,,,1791447106,1791447119,,,13,,,
